Date,Open,High,Low,Close,Adj Close,Volume,stock
2018-09-28,10.04,10.04,10.04,10.04,9.512137,0,FNILX.csv
2018-10-01,10.08,10.08,10.08,10.08,9.550034,0,FNILX.csv
2018-10-02,10.08,10.08,10.08,10.08,9.550034,0,FNILX.csv
2018-10-03,10.09,10.09,10.09,10.09,9.55951,0,FNILX.csv
2018-10-04,10.0,10.0,10.0,10.0,9.474241,0,FNILX.csv
2018-10-05,9.95,9.95,9.95,9.95,9.42687,0,FNILX.csv
2018-10-08,9.94,9.94,9.94,9.94,9.417395,0,FNILX.csv
2018-10-09,9.93,9.93,9.93,9.93,9.407922,0,FNILX.csv
2018-10-10,9.6,9.6,9.6,9.6,9.095271,0,FNILX.csv
2018-10-11,9.4,9.4,9.4,9.4,8.905785,0,FNILX.csv
2018-10-12,9.54,9.54,9.54,9.54,9.038425,0,FNILX.csv
2018-10-15,9.48,9.48,9.48,9.48,8.98158,0,FNILX.csv
2018-10-16,9.69,9.69,9.69,9.69,9.180538,0,FNILX.csv
2018-10-17,9.69,9.69,9.69,9.69,9.180538,0,FNILX.csv
2018-10-18,9.54,9.54,9.54,9.54,9.038425,0,FNILX.csv
2018-10-19,9.54,9.54,9.54,9.54,9.038425,0,FNILX.csv
2018-10-22,9.5,9.5,9.5,9.5,9.000529,0,FNILX.csv
2018-10-23,9.45,9.45,9.45,9.45,8.953157,0,FNILX.csv
2018-10-24,9.15,9.15,9.15,9.15,8.668929,0,FNILX.csv
2018-10-25,9.32,9.32,9.32,9.32,8.829991,0,FNILX.csv
2018-10-26,9.16,9.16,9.16,9.16,8.678405,0,FNILX.csv
2018-10-29,9.1,9.1,9.1,9.1,8.621559,0,FNILX.csv
2018-10-30,9.24,9.24,9.24,9.24,8.754198,0,FNILX.csv
2018-10-31,9.35,9.35,9.35,9.35,8.858417,0,FNILX.csv
2018-11-01,9.46,9.46,9.46,9.46,8.962631,0,FNILX.csv
2018-11-02,9.39,9.39,9.39,9.39,8.896313,0,FNILX.csv
2018-11-05,9.44,9.44,9.44,9.44,8.943683,0,FNILX.csv
2018-11-06,9.5,9.5,9.5,9.5,9.000529,0,FNILX.csv
2018-11-07,9.7,9.7,9.7,9.7,9.190013,0,FNILX.csv
2018-11-08,9.68,9.68,9.68,9.68,9.171065,0,FNILX.csv
2018-11-09,9.59,9.59,9.59,9.59,9.085797,0,FNILX.csv
2018-11-12,9.4,9.4,9.4,9.4,8.905785,0,FNILX.csv
2018-11-13,9.39,9.39,9.39,9.39,8.896313,0,FNILX.csv
2018-11-14,9.32,9.32,9.32,9.32,8.829991,0,FNILX.csv
2018-11-15,9.42,9.42,9.42,9.42,8.924735,0,FNILX.csv
2018-11-16,9.44,9.44,9.44,9.44,8.943683,0,FNILX.csv
2018-11-19,9.28,9.28,9.28,9.28,8.792095,0,FNILX.csv
2018-11-20,9.11,9.11,9.11,9.11,8.631033,0,FNILX.csv
2018-11-21,9.14,9.14,9.14,9.14,8.659457,0,FNILX.csv
2018-11-23,9.08,9.08,9.08,9.08,8.60261,0,FNILX.csv
2018-11-26,9.23,9.23,9.23,9.23,8.744722,0,FNILX.csv
2018-11-27,9.26,9.26,9.26,9.26,8.773147,0,FNILX.csv
2018-11-28,9.47,9.47,9.47,9.47,8.972107,0,FNILX.csv
2018-11-29,9.45,9.45,9.45,9.45,8.953157,0,FNILX.csv
2018-11-30,9.53,9.53,9.53,9.53,9.028951,0,FNILX.csv
2018-12-03,9.64,9.64,9.64,9.64,9.133168,0,FNILX.csv
2018-12-04,9.33,9.33,9.33,9.33,8.839467,0,FNILX.csv
2018-12-06,9.32,9.32,9.32,9.32,8.829991,0,FNILX.csv
2018-12-07,9.1,9.1,9.1,9.1,8.621559,0,FNILX.csv
2018-12-10,9.11,9.11,9.11,9.11,8.631033,0,FNILX.csv
2018-12-11,9.11,9.11,9.11,9.11,8.631033,0,FNILX.csv
2018-12-12,9.16,9.16,9.16,9.16,8.678405,0,FNILX.csv
2018-12-13,9.16,9.16,9.16,9.16,8.678405,0,FNILX.csv
2018-12-14,8.95,8.95,8.95,8.95,8.51197,0,FNILX.csv
2018-12-17,8.77,8.77,8.77,8.77,8.340779,0,FNILX.csv
2018-12-18,8.77,8.77,8.77,8.77,8.340779,0,FNILX.csv
2018-12-19,8.63,8.63,8.63,8.63,8.207631,0,FNILX.csv
2018-12-20,8.5,8.5,8.5,8.5,8.083994,0,FNILX.csv
2018-12-21,8.32,8.32,8.32,8.32,7.912802,0,FNILX.csv
2018-12-24,8.09,8.09,8.09,8.09,7.69406,0,FNILX.csv
2018-12-26,8.5,8.5,8.5,8.5,8.083994,0,FNILX.csv
2018-12-27,8.57,8.57,8.57,8.57,8.150566,0,FNILX.csv
2018-12-28,8.56,8.56,8.56,8.56,8.15152,0,FNILX.csv
2018-12-31,8.63,8.63,8.63,8.63,8.218179,0,FNILX.csv
2019-01-02,8.63,8.63,8.63,8.63,8.218179,0,FNILX.csv
2019-01-03,8.43,8.43,8.43,8.43,8.027723,0,FNILX.csv
2019-01-04,8.72,8.72,8.72,8.72,8.303885,0,FNILX.csv
2019-01-07,8.78,8.78,8.78,8.78,8.361021,0,FNILX.csv
2019-01-08,8.86,8.86,8.86,8.86,8.437203,0,FNILX.csv
2019-01-09,8.91,8.91,8.91,8.91,8.484818,0,FNILX.csv
2019-01-10,8.95,8.95,8.95,8.95,8.522908,0,FNILX.csv
2019-01-11,8.94,8.94,8.94,8.94,8.513385,0,FNILX.csv
2019-01-14,8.9,8.9,8.9,8.9,8.475295,0,FNILX.csv
2019-01-15,8.99,8.99,8.99,8.99,8.561001,0,FNILX.csv
2019-01-16,9.01,9.01,9.01,9.01,8.580047,0,FNILX.csv
2019-01-17,9.08,9.08,9.08,9.08,8.646705,0,FNILX.csv
2019-01-18,9.2,9.2,9.2,9.2,8.760979,0,FNILX.csv
2019-01-22,9.07,9.07,9.07,9.07,8.637181,0,FNILX.csv
2019-01-23,9.09,9.09,9.09,9.09,8.656228,0,FNILX.csv
2019-01-24,9.1,9.1,9.1,9.1,8.665751,0,FNILX.csv
2019-01-25,9.19,9.19,9.19,9.19,8.751455,0,FNILX.csv
2019-01-28,9.11,9.11,9.11,9.11,8.675274,0,FNILX.csv
2019-01-29,9.1,9.1,9.1,9.1,8.665751,0,FNILX.csv
2019-01-30,9.24,9.24,9.24,9.24,8.79907,0,FNILX.csv
2019-01-31,9.33,9.33,9.33,9.33,8.884775,0,FNILX.csv
2019-02-01,9.34,9.34,9.34,9.34,8.894299,0,FNILX.csv
2019-02-04,9.4,9.4,9.4,9.4,8.951434,0,FNILX.csv
2019-02-05,9.45,9.45,9.45,9.45,8.999048,0,FNILX.csv
2019-02-06,9.43,9.43,9.43,9.43,8.980003,0,FNILX.csv
2019-02-07,9.34,9.34,9.34,9.34,8.894299,0,FNILX.csv
2019-02-08,9.35,9.35,9.35,9.35,8.903821,0,FNILX.csv
2019-02-11,9.36,9.36,9.36,9.36,8.913343,0,FNILX.csv
2019-02-12,9.48,9.48,9.48,9.48,9.027617,0,FNILX.csv
2019-02-13,9.51,9.51,9.51,9.51,9.056187,0,FNILX.csv
2019-02-14,9.48,9.48,9.48,9.48,9.027617,0,FNILX.csv
2019-02-15,9.59,9.59,9.59,9.59,9.132367,0,FNILX.csv
2019-02-19,9.6,9.6,9.6,9.6,9.141891,0,FNILX.csv
2019-02-20,9.62,9.62,9.62,9.62,9.160936,0,FNILX.csv
2019-02-21,9.59,9.59,9.59,9.59,9.132367,0,FNILX.csv
2019-02-22,9.65,9.65,9.65,9.65,9.189506,0,FNILX.csv
2019-02-25,9.66,9.66,9.66,9.66,9.199028,0,FNILX.csv
2019-02-26,9.66,9.66,9.66,9.66,9.199028,0,FNILX.csv
2019-02-27,9.66,9.66,9.66,9.66,9.199028,0,FNILX.csv
2019-02-28,9.63,9.63,9.63,9.63,9.17046,0,FNILX.csv
2019-03-01,9.7,9.7,9.7,9.7,9.237119,0,FNILX.csv
2019-03-04,9.65,9.65,9.65,9.65,9.189506,0,FNILX.csv
2019-03-05,9.64,9.64,9.64,9.64,9.179982,0,FNILX.csv
2019-03-06,9.58,9.58,9.58,9.58,9.122845,0,FNILX.csv
2019-03-07,9.51,9.51,9.51,9.51,9.056187,0,FNILX.csv
2019-03-08,9.49,9.49,9.49,9.49,9.037141,0,FNILX.csv
2019-03-11,9.63,9.63,9.63,9.63,9.17046,0,FNILX.csv
2019-03-12,9.66,9.66,9.66,9.66,9.199028,0,FNILX.csv
2019-03-13,9.73,9.73,9.73,9.73,9.265687,0,FNILX.csv
2019-03-14,9.72,9.72,9.72,9.72,9.256166,0,FNILX.csv
2019-03-15,9.77,9.77,9.77,9.77,9.303779,0,FNILX.csv
2019-03-18,9.81,9.81,9.81,9.81,9.341869,0,FNILX.csv
2019-03-19,9.8,9.8,9.8,9.8,9.332347,0,FNILX.csv
2019-03-20,9.78,9.78,9.78,9.78,9.3133,0,FNILX.csv
2019-03-21,9.89,9.89,9.89,9.89,9.418053,0,FNILX.csv
2019-03-22,9.7,9.7,9.7,9.7,9.237119,0,FNILX.csv
2019-03-25,9.69,9.69,9.69,9.69,9.227595,0,FNILX.csv
2019-03-26,9.76,9.76,9.76,9.76,9.294256,0,FNILX.csv
2019-03-27,9.71,9.71,9.71,9.71,9.246641,0,FNILX.csv
2019-03-28,9.75,9.75,9.75,9.75,9.284734,0,FNILX.csv
2019-03-29,9.81,9.81,9.81,9.81,9.341869,0,FNILX.csv
2019-04-01,9.93,9.93,9.93,9.93,9.456143,0,FNILX.csv
2019-04-02,9.93,9.93,9.93,9.93,9.456143,0,FNILX.csv
2019-04-03,9.95,9.95,9.95,9.95,9.475188,0,FNILX.csv
2019-04-04,9.97,9.97,9.97,9.97,9.494235,0,FNILX.csv
2019-04-05,10.01,10.01,10.01,10.01,9.532327,0,FNILX.csv
2019-04-08,10.03,10.03,10.03,10.03,9.551372,0,FNILX.csv
2019-04-09,9.97,9.97,9.97,9.97,9.494235,0,FNILX.csv
2019-04-10,10.01,10.01,10.01,10.01,9.532327,0,FNILX.csv
2019-04-11,10.01,10.01,10.01,10.01,9.532327,0,FNILX.csv
2019-04-12,10.07,10.07,10.07,10.07,9.589462,0,FNILX.csv
2019-04-15,10.07,10.07,10.07,10.07,9.589462,0,FNILX.csv
2019-04-16,10.07,10.07,10.07,10.07,9.589462,0,FNILX.csv
2019-04-17,10.05,10.05,10.05,10.05,9.570417,0,FNILX.csv
2019-04-18,10.06,10.06,10.06,10.06,9.57994,0,FNILX.csv
2019-04-22,10.08,10.08,10.08,10.08,9.598985,0,FNILX.csv
2019-04-23,10.17,10.17,10.17,10.17,9.684691,0,FNILX.csv
2019-04-24,10.14,10.14,10.14,10.14,9.656122,0,FNILX.csv
2019-04-25,10.14,10.14,10.14,10.14,9.656122,0,FNILX.csv
2019-04-26,10.19,10.19,10.19,10.19,9.703735,0,FNILX.csv
2019-04-29,10.2,10.2,10.2,10.2,9.713259,0,FNILX.csv
2019-04-30,10.21,10.21,10.21,10.21,9.722782,0,FNILX.csv
2019-05-01,10.14,10.14,10.14,10.14,9.656122,0,FNILX.csv
2019-05-02,10.12,10.12,10.12,10.12,9.637076,0,FNILX.csv
2019-05-03,10.22,10.22,10.22,10.22,9.732306,0,FNILX.csv
2019-05-06,10.17,10.17,10.17,10.17,9.684691,0,FNILX.csv
2019-05-07,10.0,10.0,10.0,10.0,9.522803,0,FNILX.csv
2019-05-08,9.99,9.99,9.99,9.99,9.51328,0,FNILX.csv
2019-05-09,9.96,9.96,9.96,9.96,9.484712,0,FNILX.csv
2019-05-10,10.0,10.0,10.0,10.0,9.522803,0,FNILX.csv
2019-05-13,9.76,9.76,9.76,9.76,9.294256,0,FNILX.csv
2019-05-14,9.84,9.84,9.84,9.84,9.37044,0,FNILX.csv
2019-05-15,9.9,9.9,9.9,9.9,9.427574,0,FNILX.csv
2019-05-16,10.0,10.0,10.0,10.0,9.522803,0,FNILX.csv
2019-05-17,9.94,9.94,9.94,9.94,9.465666,0,FNILX.csv
2019-05-20,9.87,9.87,9.87,9.87,9.399007,0,FNILX.csv
2019-05-21,9.95,9.95,9.95,9.95,9.475188,0,FNILX.csv
2019-05-22,9.93,9.93,9.93,9.93,9.456143,0,FNILX.csv
2019-05-23,9.81,9.81,9.81,9.81,9.341869,0,FNILX.csv
2019-05-24,9.82,9.82,9.82,9.82,9.351393,0,FNILX.csv
2019-05-28,9.74,9.74,9.74,9.74,9.27521,0,FNILX.csv
2019-05-29,9.67,9.67,9.67,9.67,9.20855,0,FNILX.csv
2019-05-30,9.7,9.7,9.7,9.7,9.237119,0,FNILX.csv
2019-05-31,9.57,9.57,9.57,9.57,9.113321,0,FNILX.csv
2019-06-03,9.54,9.54,9.54,9.54,9.084755,0,FNILX.csv
2019-06-04,9.75,9.75,9.75,9.75,9.284734,0,FNILX.csv
2019-06-05,9.83,9.83,9.83,9.83,9.360915,0,FNILX.csv
2019-06-06,9.89,9.89,9.89,9.89,9.418053,0,FNILX.csv
2019-06-07,10.0,10.0,10.0,10.0,9.522803,0,FNILX.csv
2019-06-10,10.05,10.05,10.05,10.05,9.570417,0,FNILX.csv
2019-06-11,10.04,10.04,10.04,10.04,9.560894,0,FNILX.csv
2019-06-12,10.02,10.02,10.02,10.02,9.541849,0,FNILX.csv
2019-06-13,10.07,10.07,10.07,10.07,9.589462,0,FNILX.csv
2019-06-14,10.05,10.05,10.05,10.05,9.570417,0,FNILX.csv
2019-06-17,10.06,10.06,10.06,10.06,9.57994,0,FNILX.csv
2019-06-18,10.16,10.16,10.16,10.16,9.675168,0,FNILX.csv
2019-06-19,10.19,10.19,10.19,10.19,9.703735,0,FNILX.csv
2019-06-20,10.29,10.29,10.29,10.29,9.798964,0,FNILX.csv
2019-06-21,10.27,10.27,10.27,10.27,9.77992,0,FNILX.csv
2019-06-24,10.26,10.26,10.26,10.26,9.770396,0,FNILX.csv
2019-06-25,10.16,10.16,10.16,10.16,9.675168,0,FNILX.csv
2019-06-26,10.14,10.14,10.14,10.14,9.656122,0,FNILX.csv
2019-06-27,10.18,10.18,10.18,10.18,9.694214,0,FNILX.csv
2019-06-28,10.24,10.24,10.24,10.24,9.75135,0,FNILX.csv
2019-07-01,10.33,10.33,10.33,10.33,9.837056,0,FNILX.csv
2019-07-02,10.36,10.36,10.36,10.36,9.865624,0,FNILX.csv
2019-07-03,10.44,10.44,10.44,10.44,9.941805,0,FNILX.csv
2019-07-05,10.42,10.42,10.42,10.42,9.92276,0,FNILX.csv
2019-07-08,10.37,10.37,10.37,10.37,9.875147,0,FNILX.csv
2019-07-09,10.39,10.39,10.39,10.39,9.894193,0,FNILX.csv
2019-07-10,10.44,10.44,10.44,10.44,9.941805,0,FNILX.csv
2019-07-11,10.46,10.46,10.46,10.46,9.960853,0,FNILX.csv
2019-07-12,10.46,10.46,10.46,10.46,9.960853,0,FNILX.csv
2019-07-15,10.51,10.51,10.51,10.51,10.008466,0,FNILX.csv
2019-07-16,10.48,10.48,10.48,10.48,9.979898,0,FNILX.csv
2019-07-17,10.41,10.41,10.41,10.41,9.913238,0,FNILX.csv
2019-07-18,10.45,10.45,10.45,10.45,9.951329,0,FNILX.csv
2019-07-19,10.39,10.39,10.39,10.39,9.894193,0,FNILX.csv
2019-07-22,10.42,10.42,10.42,10.42,9.92276,0,FNILX.csv
2019-07-23,10.49,10.49,10.49,10.49,9.989421,0,FNILX.csv
2019-07-24,10.54,10.54,10.54,10.54,10.037034,0,FNILX.csv
2019-07-25,10.48,10.48,10.48,10.48,9.979898,0,FNILX.csv
2019-07-26,10.56,10.56,10.56,10.56,10.05608,0,FNILX.csv
2019-07-29,10.54,10.54,10.54,10.54,10.037034,0,FNILX.csv
2019-07-30,10.52,10.52,10.52,10.52,10.017989,0,FNILX.csv
2019-07-31,10.4,10.4,10.4,10.4,9.903714,0,FNILX.csv
2019-08-01,10.31,10.31,10.31,10.31,9.81801,0,FNILX.csv
2019-08-02,10.23,10.23,10.23,10.23,9.741827,0,FNILX.csv
2019-08-05,9.93,9.93,9.93,9.93,9.456143,0,FNILX.csv
2019-08-06,10.06,10.06,10.06,10.06,9.57994,0,FNILX.csv
2019-08-07,10.06,10.06,10.06,10.06,9.57994,0,FNILX.csv
2019-08-08,10.26,10.26,10.26,10.26,9.770396,0,FNILX.csv
2019-08-09,10.19,10.19,10.19,10.19,9.703735,0,FNILX.csv
2019-08-12,10.07,10.07,10.07,10.07,9.589462,0,FNILX.csv
2019-08-13,10.22,10.22,10.22,10.22,9.732306,0,FNILX.csv
2019-08-14,9.93,9.93,9.93,9.93,9.456143,0,FNILX.csv
2019-08-15,9.95,9.95,9.95,9.95,9.475188,0,FNILX.csv
2019-08-16,10.1,10.1,10.1,10.1,9.618032,0,FNILX.csv
2019-08-19,10.22,10.22,10.22,10.22,9.732306,0,FNILX.csv
2019-08-20,10.14,10.14,10.14,10.14,9.656122,0,FNILX.csv
2019-08-21,10.22,10.22,10.22,10.22,9.732306,0,FNILX.csv
2019-08-22,10.22,10.22,10.22,10.22,9.732306,0,FNILX.csv
2019-08-23,9.95,9.95,9.95,9.95,9.475188,0,FNILX.csv
2019-08-26,10.06,10.06,10.06,10.06,9.57994,0,FNILX.csv
2019-08-27,10.03,10.03,10.03,10.03,9.551372,0,FNILX.csv
2019-08-28,10.09,10.09,10.09,10.09,9.608508,0,FNILX.csv
2019-08-29,10.23,10.23,10.23,10.23,9.741827,0,FNILX.csv
2019-08-30,10.23,10.23,10.23,10.23,9.741827,0,FNILX.csv
2019-09-03,10.16,10.16,10.16,10.16,9.675168,0,FNILX.csv
2019-09-04,10.27,10.27,10.27,10.27,9.77992,0,FNILX.csv
2019-09-05,10.41,10.41,10.41,10.41,9.913238,0,FNILX.csv
2019-09-06,10.42,10.42,10.42,10.42,9.92276,0,FNILX.csv
2019-09-09,10.41,10.41,10.41,10.41,9.913238,0,FNILX.csv
2019-09-10,10.42,10.42,10.42,10.42,9.92276,0,FNILX.csv
2019-09-11,10.49,10.49,10.49,10.49,9.989421,0,FNILX.csv
2019-09-12,10.52,10.52,10.52,10.52,10.017989,0,FNILX.csv
2019-09-13,10.52,10.52,10.52,10.52,10.017989,0,FNILX.csv
2019-09-16,10.49,10.49,10.49,10.49,9.989421,0,FNILX.csv
2019-09-17,10.52,10.52,10.52,10.52,10.017989,0,FNILX.csv
2019-09-18,10.52,10.52,10.52,10.52,10.017989,0,FNILX.csv
2019-09-19,10.52,10.52,10.52,10.52,10.017989,0,FNILX.csv
2019-09-20,10.47,10.47,10.47,10.47,9.970375,0,FNILX.csv
2019-09-23,10.47,10.47,10.47,10.47,9.970375,0,FNILX.csv
2019-09-24,10.38,10.38,10.38,10.38,9.88467,0,FNILX.csv
2019-09-25,10.44,10.44,10.44,10.44,9.941805,0,FNILX.csv
2019-09-26,10.42,10.42,10.42,10.42,9.92276,0,FNILX.csv
2019-09-27,10.36,10.36,10.36,10.36,9.865624,0,FNILX.csv
2019-09-30,10.42,10.42,10.42,10.42,9.92276,0,FNILX.csv
2019-10-01,10.29,10.29,10.29,10.29,9.798964,0,FNILX.csv
2019-10-02,10.11,10.11,10.11,10.11,9.627553,0,FNILX.csv
2019-10-03,10.19,10.19,10.19,10.19,9.703735,0,FNILX.csv
2019-10-04,10.34,10.34,10.34,10.34,9.84658,0,FNILX.csv
2019-10-07,10.29,10.29,10.29,10.29,9.798964,0,FNILX.csv
2019-10-08,10.13,10.13,10.13,10.13,9.6466,0,FNILX.csv
2019-10-09,10.23,10.23,10.23,10.23,9.741827,0,FNILX.csv
2019-10-10,10.29,10.29,10.29,10.29,9.798964,0,FNILX.csv
2019-10-11,10.41,10.41,10.41,10.41,9.913238,0,FNILX.csv
2019-10-14,10.39,10.39,10.39,10.39,9.894193,0,FNILX.csv
2019-10-15,10.5,10.5,10.5,10.5,9.998943,0,FNILX.csv
2019-10-16,10.47,10.47,10.47,10.47,9.970375,0,FNILX.csv
2019-10-17,10.5,10.5,10.5,10.5,9.998943,0,FNILX.csv
2019-10-18,10.46,10.46,10.46,10.46,9.960853,0,FNILX.csv
2019-10-21,10.53,10.53,10.53,10.53,10.027512,0,FNILX.csv
2019-10-22,10.49,10.49,10.49,10.49,9.989421,0,FNILX.csv
2019-10-23,10.52,10.52,10.52,10.52,10.017989,0,FNILX.csv
2019-10-24,10.55,10.55,10.55,10.55,10.046557,0,FNILX.csv
2019-10-25,10.59,10.59,10.59,10.59,10.084649,0,FNILX.csv
2019-10-28,10.65,10.65,10.65,10.65,10.141785,0,FNILX.csv
2019-10-29,10.65,10.65,10.65,10.65,10.141785,0,FNILX.csv
2019-10-30,10.68,10.68,10.68,10.68,10.170354,0,FNILX.csv
2019-10-31,10.65,10.65,10.65,10.65,10.141785,0,FNILX.csv
2019-11-01,10.75,10.75,10.75,10.75,10.237013,0,FNILX.csv
2019-11-04,10.79,10.79,10.79,10.79,10.275105,0,FNILX.csv
2019-11-05,10.78,10.78,10.78,10.78,10.265581,0,FNILX.csv
2019-11-06,10.78,10.78,10.78,10.78,10.265581,0,FNILX.csv
2019-11-07,10.82,10.82,10.82,10.82,10.303673,0,FNILX.csv
2019-11-08,10.85,10.85,10.85,10.85,10.332242,0,FNILX.csv
2019-11-11,10.83,10.83,10.83,10.83,10.313196,0,FNILX.csv
2019-11-12,10.85,10.85,10.85,10.85,10.332242,0,FNILX.csv
2019-11-13,10.86,10.86,10.86,10.86,10.341764,0,FNILX.csv
2019-11-14,10.87,10.87,10.87,10.87,10.351287,0,FNILX.csv
2019-11-15,10.95,10.95,10.95,10.95,10.427469,0,FNILX.csv
2019-11-18,10.96,10.96,10.96,10.96,10.436992,0,FNILX.csv
2019-11-19,10.96,10.96,10.96,10.96,10.436992,0,FNILX.csv
2019-11-20,10.92,10.92,10.92,10.92,10.3989,0,FNILX.csv
2019-11-21,10.9,10.9,10.9,10.9,10.379855,0,FNILX.csv
2019-11-22,10.93,10.93,10.93,10.93,10.408423,0,FNILX.csv
2019-11-25,11.01,11.01,11.01,11.01,10.484607,0,FNILX.csv
2019-11-26,11.03,11.03,11.03,11.03,10.503651,0,FNILX.csv
2019-11-27,11.08,11.08,11.08,11.08,10.551266,0,FNILX.csv
2019-11-29,11.04,11.04,11.04,11.04,10.513174,0,FNILX.csv
2019-12-02,10.95,10.95,10.95,10.95,10.427469,0,FNILX.csv
2019-12-03,10.87,10.87,10.87,10.87,10.351287,0,FNILX.csv
2019-12-04,10.94,10.94,10.94,10.94,10.417946,0,FNILX.csv
2019-12-05,10.96,10.96,10.96,10.96,10.436992,0,FNILX.csv
2019-12-06,11.06,11.06,11.06,11.06,10.53222,0,FNILX.csv
2019-12-09,11.03,11.03,11.03,11.03,10.503651,0,FNILX.csv
2019-12-10,11.02,11.02,11.02,11.02,10.494129,0,FNILX.csv
2019-12-11,11.05,11.05,11.05,11.05,10.522697,0,FNILX.csv
2019-12-12,11.14,11.14,11.14,11.14,10.608403,0,FNILX.csv
2019-12-13,11.01,11.01,11.01,11.01,10.609366,0,FNILX.csv
2019-12-16,11.09,11.09,11.09,11.09,10.686455,0,FNILX.csv
2019-12-17,11.1,11.1,11.1,11.1,10.696091,0,FNILX.csv
2019-12-18,11.09,11.09,11.09,11.09,10.686455,0,FNILX.csv
2019-12-19,11.15,11.15,11.15,11.15,10.744271,0,FNILX.csv
2019-12-20,11.2,11.2,11.2,11.2,10.792452,0,FNILX.csv
2019-12-23,11.21,11.21,11.21,11.21,10.802089,0,FNILX.csv
2019-12-24,11.21,11.21,11.21,11.21,10.802089,0,FNILX.csv
2019-12-26,11.27,11.27,11.27,11.27,10.859905,0,FNILX.csv
2019-12-27,11.27,11.27,11.27,11.27,10.859905,0,FNILX.csv
2019-12-30,11.21,11.21,11.21,11.21,10.802089,0,FNILX.csv
2019-12-31,11.24,11.24,11.24,11.24,10.830997,0,FNILX.csv
2020-01-02,11.34,11.34,11.34,11.34,10.927358,0,FNILX.csv
2020-01-03,11.26,11.26,11.26,11.26,10.850268,0,FNILX.csv
2020-01-06,11.3,11.3,11.3,11.3,10.888814,0,FNILX.csv
2020-01-07,11.27,11.27,11.27,11.27,10.859905,0,FNILX.csv
2020-01-08,11.33,11.33,11.33,11.33,10.917723,0,FNILX.csv
2020-01-09,11.41,11.41,11.41,11.41,10.99481,0,FNILX.csv
2020-01-10,11.38,11.38,11.38,11.38,10.965902,0,FNILX.csv
2020-01-13,11.46,11.46,11.46,11.46,11.042992,0,FNILX.csv
2020-01-14,11.44,11.44,11.44,11.44,11.023718,0,FNILX.csv
2020-01-15,11.46,11.46,11.46,11.46,11.042992,0,FNILX.csv
2020-01-16,11.56,11.56,11.56,11.56,11.139353,0,FNILX.csv
2020-01-17,11.6,11.6,11.6,11.6,11.177896,0,FNILX.csv
2020-01-21,11.57,11.57,11.57,11.57,11.148988,0,FNILX.csv
2020-01-22,11.58,11.58,11.58,11.58,11.158625,0,FNILX.csv
2020-01-23,11.59,11.59,11.59,11.59,11.168262,0,FNILX.csv
2020-01-24,11.49,11.49,11.49,11.49,11.071899,0,FNILX.csv
2020-01-27,11.31,11.31,11.31,11.31,10.89845,0,FNILX.csv
2020-01-28,11.42,11.42,11.42,11.42,11.004447,0,FNILX.csv
2020-01-29,11.41,11.41,11.41,11.41,10.99481,0,FNILX.csv
2020-01-30,11.45,11.45,11.45,11.45,11.033355,0,FNILX.csv
2020-01-31,11.25,11.25,11.25,11.25,10.840633,0,FNILX.csv
2020-02-03,11.34,11.34,11.34,11.34,10.927358,0,FNILX.csv
2020-02-04,11.52,11.52,11.52,11.52,11.100808,0,FNILX.csv
2020-02-05,11.64,11.64,11.64,11.64,11.216442,0,FNILX.csv
2020-02-06,11.68,11.68,11.68,11.68,11.254986,0,FNILX.csv
2020-02-07,11.62,11.62,11.62,11.62,11.197168,0,FNILX.csv
2020-02-10,11.71,11.71,11.71,11.71,11.283895,0,FNILX.csv
2020-02-11,11.73,11.73,11.73,11.73,11.303165,0,FNILX.csv
2020-02-12,11.81,11.81,11.81,11.81,11.380256,0,FNILX.csv
2020-02-13,11.79,11.79,11.79,11.79,11.360983,0,FNILX.csv
2020-02-14,11.82,11.82,11.82,11.82,11.389892,0,FNILX.csv
2020-02-18,11.79,11.79,11.79,11.79,11.360983,0,FNILX.csv
2020-02-19,11.85,11.85,11.85,11.85,11.4188,0,FNILX.csv
2020-02-20,11.81,11.81,11.81,11.81,11.380256,0,FNILX.csv
2020-02-21,11.68,11.68,11.68,11.68,11.254986,0,FNILX.csv
2020-02-24,11.29,11.29,11.29,11.29,10.879177,0,FNILX.csv
2020-02-25,10.95,10.95,10.95,10.95,10.551549,0,FNILX.csv
2020-02-26,10.91,10.91,10.91,10.91,10.513005,0,FNILX.csv
2020-02-27,10.43,10.43,10.43,10.43,10.050471,0,FNILX.csv
2020-02-28,10.34,10.34,10.34,10.34,9.963746,0,FNILX.csv
2020-03-02,10.82,10.82,10.82,10.82,10.42628,0,FNILX.csv
2020-03-03,10.52,10.52,10.52,10.52,10.137197,0,FNILX.csv
2020-03-04,10.96,10.96,10.96,10.96,10.561185,0,FNILX.csv
2020-03-05,10.6,10.6,10.6,10.6,10.214285,0,FNILX.csv
2020-03-06,10.42,10.42,10.42,10.42,10.040834,0,FNILX.csv
2020-03-09,9.63,9.63,9.63,9.63,9.279581,0,FNILX.csv
2020-03-10,10.1,10.1,10.1,10.1,9.732479,0,FNILX.csv
2020-03-11,9.6,9.6,9.6,9.6,9.250673,0,FNILX.csv
2020-03-12,8.69,8.69,8.69,8.69,8.373786,0,FNILX.csv
2020-03-13,9.49,9.49,9.49,9.49,9.144676,0,FNILX.csv
2020-03-16,8.34,8.34,8.34,8.34,8.036523,0,FNILX.csv
2020-03-17,8.84,8.84,8.84,8.84,8.518329,0,FNILX.csv
2020-03-18,8.37,8.37,8.37,8.37,8.065431,0,FNILX.csv
2020-03-19,8.43,8.43,8.43,8.43,8.123248,0,FNILX.csv
2020-03-20,8.07,8.07,8.07,8.07,7.776347,0,FNILX.csv
2020-03-23,7.85,7.85,7.85,7.85,7.564353,0,FNILX.csv
2020-03-24,8.58,8.58,8.58,8.58,8.267789,0,FNILX.csv
2020-03-25,8.68,8.68,8.68,8.68,8.364151,0,FNILX.csv
2020-03-26,9.23,9.23,9.23,9.23,8.894137,0,FNILX.csv
2020-03-27,8.92,8.92,8.92,8.92,8.595417,0,FNILX.csv
2020-03-30,9.22,9.22,9.22,9.22,8.884501,0,FNILX.csv
2020-03-31,9.07,9.07,9.07,9.07,8.739959,0,FNILX.csv
2020-04-01,8.67,8.67,8.67,8.67,8.354515,0,FNILX.csv
2020-04-02,8.87,8.87,8.87,8.87,8.547236,0,FNILX.csv
2020-04-03,8.73,8.73,8.73,8.73,8.412331,0,FNILX.csv
2020-04-06,9.35,9.35,9.35,9.35,9.009771,0,FNILX.csv
2020-04-07,9.33,9.33,9.33,9.33,8.990499,0,FNILX.csv
2020-04-08,9.65,9.65,9.65,9.65,9.298855,0,FNILX.csv
2020-04-09,9.79,9.79,9.79,9.79,9.433759,0,FNILX.csv
2020-04-13,9.7,9.7,9.7,9.7,9.347034,0,FNILX.csv
2020-04-14,10.0,10.0,10.0,10.0,9.636118,0,FNILX.csv
2020-04-15,9.79,9.79,9.79,9.79,9.433759,0,FNILX.csv
2020-04-16,9.85,9.85,9.85,9.85,9.491577,0,FNILX.csv
2020-04-17,10.12,10.12,10.12,10.12,9.751751,0,FNILX.csv
2020-04-20,9.94,9.94,9.94,9.94,9.5783,0,FNILX.csv
2020-04-21,9.63,9.63,9.63,9.63,9.279581,0,FNILX.csv
2020-04-22,9.86,9.86,9.86,9.86,9.501213,0,FNILX.csv
2020-04-23,9.85,9.85,9.85,9.85,9.491577,0,FNILX.csv
2020-04-24,9.99,9.99,9.99,9.99,9.626483,0,FNILX.csv
2020-04-27,10.14,10.14,10.14,10.14,9.771024,0,FNILX.csv
2020-04-28,10.08,10.08,10.08,10.08,9.713206,0,FNILX.csv
2020-04-29,10.35,10.35,10.35,10.35,9.973383,0,FNILX.csv
2020-04-30,10.25,10.25,10.25,10.25,9.877021,0,FNILX.csv
2020-05-01,9.96,9.96,9.96,9.96,9.597573,0,FNILX.csv
2020-05-04,10.01,10.01,10.01,10.01,9.645755,0,FNILX.csv
2020-05-05,10.11,10.11,10.11,10.11,9.742115,0,FNILX.csv
2020-05-06,10.04,10.04,10.04,10.04,9.674663,0,FNILX.csv
2020-05-07,10.17,10.17,10.17,10.17,9.799932,0,FNILX.csv
2020-05-08,10.34,10.34,10.34,10.34,9.963746,0,FNILX.csv
2020-05-11,10.35,10.35,10.35,10.35,9.973383,0,FNILX.csv
2020-05-12,10.14,10.14,10.14,10.14,9.771024,0,FNILX.csv
2020-05-13,9.96,9.96,9.96,9.96,9.597573,0,FNILX.csv
2020-05-14,10.08,10.08,10.08,10.08,9.713206,0,FNILX.csv
2020-05-15,10.12,10.12,10.12,10.12,9.751751,0,FNILX.csv
2020-05-18,10.43,10.43,10.43,10.43,10.050471,0,FNILX.csv
2020-05-19,10.33,10.33,10.33,10.33,9.95411,0,FNILX.csv
2020-05-20,10.5,10.5,10.5,10.5,10.117924,0,FNILX.csv
2020-05-21,10.43,10.43,10.43,10.43,10.050471,0,FNILX.csv
2020-05-22,10.46,10.46,10.46,10.46,10.079379,0,FNILX.csv
2020-05-26,10.58,10.58,10.58,10.58,10.195013,0,FNILX.csv
2020-05-27,10.73,10.73,10.73,10.73,10.339554,0,FNILX.csv
2020-05-28,10.71,10.71,10.71,10.71,10.320282,0,FNILX.csv
2020-05-29,10.78,10.78,10.78,10.78,10.387734,0,FNILX.csv
2020-06-01,10.82,10.82,10.82,10.82,10.42628,0,FNILX.csv
2020-06-02,10.91,10.91,10.91,10.91,10.513005,0,FNILX.csv
2020-06-03,11.05,11.05,11.05,11.05,10.64791,0,FNILX.csv
2020-06-04,11.01,11.01,11.01,11.01,10.609366,0,FNILX.csv
2020-06-05,11.29,11.29,11.29,11.29,10.879177,0,FNILX.csv
2020-06-08,11.43,11.43,11.43,11.43,11.014083,0,FNILX.csv
2020-06-09,11.34,11.34,11.34,11.34,10.927358,0,FNILX.csv
2020-06-10,11.3,11.3,11.3,11.3,10.888814,0,FNILX.csv
2020-06-11,10.64,10.64,10.64,10.64,10.252831,0,FNILX.csv
2020-06-12,10.78,10.78,10.78,10.78,10.387734,0,FNILX.csv
2020-06-15,10.87,10.87,10.87,10.87,10.474461,0,FNILX.csv
2020-06-16,11.08,11.08,11.08,11.08,10.676819,0,FNILX.csv
2020-06-17,11.04,11.04,11.04,11.04,10.638275,0,FNILX.csv
2020-06-18,11.05,11.05,11.05,11.05,10.64791,0,FNILX.csv
2020-06-19,11.0,11.0,11.0,11.0,10.59973,0,FNILX.csv
2020-06-22,11.07,11.07,11.07,11.07,10.667182,0,FNILX.csv
2020-06-23,11.11,11.11,11.11,11.11,10.705727,0,FNILX.csv
2020-06-24,10.83,10.83,10.83,10.83,10.435917,0,FNILX.csv
2020-06-25,10.95,10.95,10.95,10.95,10.551549,0,FNILX.csv
2020-06-26,10.69,10.69,10.69,10.69,10.30101,0,FNILX.csv
2020-06-29,10.84,10.84,10.84,10.84,10.445552,0,FNILX.csv
2020-06-30,11.02,11.02,11.02,11.02,10.619002,0,FNILX.csv
2020-07-01,11.08,11.08,11.08,11.08,10.676819,0,FNILX.csv
2020-07-02,11.13,11.13,11.13,11.13,10.724998,0,FNILX.csv
2020-07-06,11.32,11.32,11.32,11.32,10.908086,0,FNILX.csv
2020-07-07,11.2,11.2,11.2,11.2,10.792452,0,FNILX.csv
2020-07-08,11.29,11.29,11.29,11.29,10.879177,0,FNILX.csv
2020-07-09,11.24,11.24,11.24,11.24,10.830997,0,FNILX.csv
2020-07-10,11.36,11.36,11.36,11.36,10.94663,0,FNILX.csv
2020-07-13,11.24,11.24,11.24,11.24,10.830997,0,FNILX.csv
2020-07-14,11.39,11.39,11.39,11.39,10.975538,0,FNILX.csv
2020-07-15,11.49,11.49,11.49,11.49,11.071899,0,FNILX.csv
2020-07-16,11.45,11.45,11.45,11.45,11.033355,0,FNILX.csv
2020-07-17,11.49,11.49,11.49,11.49,11.071899,0,FNILX.csv
2020-07-20,11.6,11.6,11.6,11.6,11.177896,0,FNILX.csv
2020-07-21,11.61,11.61,11.61,11.61,11.187532,0,FNILX.csv
2020-07-22,11.68,11.68,11.68,11.68,11.254986,0,FNILX.csv
2020-07-23,11.53,11.53,11.53,11.53,11.110444,0,FNILX.csv
2020-07-24,11.45,11.45,11.45,11.45,11.033355,0,FNILX.csv
2020-07-27,11.54,11.54,11.54,11.54,11.120081,0,FNILX.csv
2020-07-28,11.46,11.46,11.46,11.46,11.042992,0,FNILX.csv
2020-07-29,11.61,11.61,11.61,11.61,11.187532,0,FNILX.csv
2020-07-30,11.57,11.57,11.57,11.57,11.148988,0,FNILX.csv
2020-07-31,11.66,11.66,11.66,11.66,11.235714,0,FNILX.csv
2020-08-03,11.75,11.75,11.75,11.75,11.322439,0,FNILX.csv
2020-08-04,11.79,11.79,11.79,11.79,11.360983,0,FNILX.csv
2020-08-05,11.86,11.86,11.86,11.86,11.428435,0,FNILX.csv
2020-08-06,11.94,11.94,11.94,11.94,11.505524,0,FNILX.csv
2020-08-07,11.94,11.94,11.94,11.94,11.505524,0,FNILX.csv
2020-08-10,11.96,11.96,11.96,11.96,11.524798,0,FNILX.csv
2020-08-11,11.86,11.86,11.86,11.86,11.428435,0,FNILX.csv
2020-08-12,12.04,12.04,12.04,12.04,11.601886,0,FNILX.csv
2020-08-13,12.03,12.03,12.03,12.03,11.59225,0,FNILX.csv
2020-08-14,12.02,12.02,12.02,12.02,11.582614,0,FNILX.csv
2020-08-17,12.07,12.07,12.07,12.07,11.630794,0,FNILX.csv
2020-08-18,12.11,12.11,12.11,12.11,11.669338,0,FNILX.csv
2020-08-19,12.05,12.05,12.05,12.05,11.611523,0,FNILX.csv
2020-08-20,12.1,12.1,12.1,12.1,11.659702,0,FNILX.csv
2020-08-21,12.14,12.14,12.14,12.14,11.698248,0,FNILX.csv
2020-08-24,12.26,12.26,12.26,12.26,11.813881,0,FNILX.csv
2020-08-25,12.3,12.3,12.3,12.3,11.852427,0,FNILX.csv
2020-08-26,12.44,12.44,12.44,12.44,11.987329,0,FNILX.csv
2020-08-27,12.47,12.47,12.47,12.47,12.01624,0,FNILX.csv
2020-08-28,12.55,12.55,12.55,12.55,12.093328,0,FNILX.csv
2020-08-31,12.55,12.55,12.55,12.55,12.093328,0,FNILX.csv
2020-09-01,12.64,12.64,12.64,12.64,12.180055,0,FNILX.csv
2020-09-02,12.82,12.82,12.82,12.82,12.353503,0,FNILX.csv
2020-09-03,12.36,12.36,12.36,12.36,11.910241,0,FNILX.csv
2020-09-04,12.25,12.25,12.25,12.25,11.804244,0,FNILX.csv
2020-09-08,11.89,11.89,11.89,11.89,11.457344,0,FNILX.csv
2020-09-09,12.14,12.14,12.14,12.14,11.698248,0,FNILX.csv
2020-09-10,11.93,11.93,11.93,11.93,11.495889,0,FNILX.csv
2020-09-11,11.93,11.93,11.93,11.93,11.495889,0,FNILX.csv
2020-09-14,12.1,12.1,12.1,12.1,11.659702,0,FNILX.csv
2020-09-15,12.18,12.18,12.18,12.18,11.736792,0,FNILX.csv
2020-09-16,12.12,12.12,12.12,12.12,11.678974,0,FNILX.csv
2020-09-17,12.01,12.01,12.01,12.01,11.572979,0,FNILX.csv
2020-09-18,11.89,11.89,11.89,11.89,11.457344,0,FNILX.csv
2020-09-21,11.76,11.76,11.76,11.76,11.332074,0,FNILX.csv
2020-09-22,11.88,11.88,11.88,11.88,11.447709,0,FNILX.csv
2020-09-23,11.59,11.59,11.59,11.59,11.168262,0,FNILX.csv
2020-09-24,11.63,11.63,11.63,11.63,11.206806,0,FNILX.csv
2020-09-25,11.82,11.82,11.82,11.82,11.389892,0,FNILX.csv
2020-09-28,12.01,12.01,12.01,12.01,11.572979,0,FNILX.csv
2020-09-29,11.96,11.96,11.96,11.96,11.524798,0,FNILX.csv
2020-09-30,12.06,12.06,12.06,12.06,11.621159,0,FNILX.csv
2020-10-01,12.14,12.14,12.14,12.14,11.698248,0,FNILX.csv
2020-10-02,12.01,12.01,12.01,12.01,11.572979,0,FNILX.csv
2020-10-05,12.23,12.23,12.23,12.23,11.784971,0,FNILX.csv
2020-10-06,12.06,12.06,12.06,12.06,11.621159,0,FNILX.csv
2020-10-07,12.27,12.27,12.27,12.27,11.823517,0,FNILX.csv
2020-10-08,12.37,12.37,12.37,12.37,11.919878,0,FNILX.csv
2020-10-09,12.48,12.48,12.48,12.48,12.025875,0,FNILX.csv
2020-10-12,12.69,12.69,12.69,12.69,12.228233,0,FNILX.csv
2020-10-13,12.62,12.62,12.62,12.62,12.160781,0,FNILX.csv
2020-10-14,12.54,12.54,12.54,12.54,12.083692,0,FNILX.csv
2020-10-15,12.51,12.51,12.51,12.51,12.054785,0,FNILX.csv
2020-10-16,12.51,12.51,12.51,12.51,12.054785,0,FNILX.csv
2020-10-19,12.31,12.31,12.31,12.31,11.862062,0,FNILX.csv
2020-10-20,12.36,12.36,12.36,12.36,11.910241,0,FNILX.csv
2020-10-21,12.33,12.33,12.33,12.33,11.881333,0,FNILX.csv
2020-10-22,12.39,12.39,12.39,12.39,11.93915,0,FNILX.csv
2020-10-23,12.44,12.44,12.44,12.44,11.987329,0,FNILX.csv
2020-10-26,12.21,12.21,12.21,12.21,11.7657,0,FNILX.csv
2020-10-27,12.18,12.18,12.18,12.18,11.736792,0,FNILX.csv
2020-10-28,11.75,11.75,11.75,11.75,11.322439,0,FNILX.csv
2020-10-29,11.89,11.89,11.89,11.89,11.457344,0,FNILX.csv
2020-10-30,11.73,11.73,11.73,11.73,11.303165,0,FNILX.csv
2020-11-02,11.87,11.87,11.87,11.87,11.438072,0,FNILX.csv
2020-11-03,12.09,12.09,12.09,12.09,11.650067,0,FNILX.csv
2020-11-04,12.37,12.37,12.37,12.37,11.919878,0,FNILX.csv
2020-11-05,12.62,12.62,12.62,12.62,12.160781,0,FNILX.csv
2020-11-06,12.62,12.62,12.62,12.62,12.160781,0,FNILX.csv
2020-11-09,12.74,12.74,12.74,12.74,12.276414,0,FNILX.csv
2020-11-10,12.72,12.72,12.72,12.72,12.257143,0,FNILX.csv
2020-11-11,12.82,12.82,12.82,12.82,12.353503,0,FNILX.csv
2020-11-12,12.7,12.7,12.7,12.7,12.237869,0,FNILX.csv
2020-11-13,12.87,12.87,12.87,12.87,12.401684,0,FNILX.csv
2020-11-16,13.01,13.01,13.01,13.01,12.536591,0,FNILX.csv
2020-11-17,12.97,12.97,12.97,12.97,12.498046,0,FNILX.csv
2020-11-18,12.84,12.84,12.84,12.84,12.372776,0,FNILX.csv
2020-11-19,12.9,12.9,12.9,12.9,12.430592,0,FNILX.csv
2020-11-20,12.81,12.81,12.81,12.81,12.343867,0,FNILX.csv
2020-11-23,12.89,12.89,12.89,12.89,12.420957,0,FNILX.csv
2020-11-24,13.1,13.1,13.1,13.1,12.623315,0,FNILX.csv
2020-11-25,13.09,13.09,13.09,13.09,12.613679,0,FNILX.csv
2020-11-27,13.13,13.13,13.13,13.13,12.652224,0,FNILX.csv
2020-11-30,13.07,13.07,13.07,13.07,12.594405,0,FNILX.csv
2020-12-01,13.22,13.22,13.22,13.22,12.738949,0,FNILX.csv
2020-12-02,13.24,13.24,13.24,13.24,12.75822,0,FNILX.csv
2020-12-03,13.24,13.24,13.24,13.24,12.75822,0,FNILX.csv
2020-12-04,13.2,13.2,13.2,13.2,12.876252,0,FNILX.csv
2020-12-07,13.19,13.19,13.19,13.19,12.866497,0,FNILX.csv
2020-12-08,13.23,13.23,13.23,13.23,12.905517,0,FNILX.csv
2020-12-09,13.1,13.1,13.1,13.1,12.778706,0,FNILX.csv
2020-12-10,13.1,13.1,13.1,13.1,12.778706,0,FNILX.csv
2020-12-11,13.08,13.08,13.08,13.08,12.759195,0,FNILX.csv
2020-12-14,13.04,13.04,13.04,13.04,12.720177,0,FNILX.csv
2020-12-15,13.21,13.21,13.21,13.21,12.886007,0,FNILX.csv
2020-12-16,13.23,13.23,13.23,13.23,12.905517,0,FNILX.csv
2020-12-17,13.32,13.32,13.32,13.32,12.993309,0,FNILX.csv
2020-12-18,13.29,13.29,13.29,13.29,12.964046,0,FNILX.csv
2020-12-21,13.24,13.24,13.24,13.24,12.915271,0,FNILX.csv
2020-12-22,13.22,13.22,13.22,13.22,12.895762,0,FNILX.csv
2020-12-23,13.22,13.22,13.22,13.22,12.895762,0,FNILX.csv
2020-12-24,13.27,13.27,13.27,13.27,12.944536,0,FNILX.csv
2020-12-28,13.38,13.38,13.38,13.38,13.051838,0,FNILX.csv
2020-12-29,13.35,13.35,13.35,13.35,13.022574,0,FNILX.csv
2020-12-30,13.36,13.36,13.36,13.36,13.032328,0,FNILX.csv
2020-12-31,13.45,13.45,13.45,13.45,13.120121,0,FNILX.csv
2021-01-04,13.25,13.25,13.25,13.25,12.925026,0,FNILX.csv
2021-01-05,13.34,13.34,13.34,13.34,13.012819,0,FNILX.csv
2021-01-06,13.4,13.4,13.4,13.4,13.071346,0,FNILX.csv
2021-01-07,13.61,13.61,13.61,13.61,13.276196,0,FNILX.csv
2021-01-08,13.69,13.69,13.69,13.69,13.354235,0,FNILX.csv
2021-01-11,13.6,13.6,13.6,13.6,13.266442,0,FNILX.csv
2021-01-12,13.61,13.61,13.61,13.61,13.276196,0,FNILX.csv
2021-01-13,13.64,13.64,13.64,13.64,13.305462,0,FNILX.csv
2021-01-14,13.58,13.58,13.58,13.58,13.246932,0,FNILX.csv
2021-01-15,13.49,13.49,13.49,13.49,13.15914,0,FNILX.csv
2021-01-19,13.6,13.6,13.6,13.6,13.266442,0,FNILX.csv
2021-01-20,13.79,13.79,13.79,13.79,13.451782,0,FNILX.csv
2021-01-21,13.79,13.79,13.79,13.79,13.451782,0,FNILX.csv
2021-01-22,13.75,13.75,13.75,13.75,13.412763,0,FNILX.csv
2021-01-25,13.8,13.8,13.8,13.8,13.461537,0,FNILX.csv
2021-01-26,13.77,13.77,13.77,13.77,13.432273,0,FNILX.csv
2021-01-27,13.41,13.41,13.41,13.41,13.081101,0,FNILX.csv
2021-01-28,13.56,13.56,13.56,13.56,13.227424,0,FNILX.csv
2021-01-29,13.3,13.3,13.3,13.3,12.973801,0,FNILX.csv
2021-02-01,13.52,13.52,13.52,13.52,13.188405,0,FNILX.csv
2021-02-02,13.72,13.72,13.72,13.72,13.383499,0,FNILX.csv
2021-02-03,13.72,13.72,13.72,13.72,13.383499,0,FNILX.csv
2021-02-04,13.88,13.88,13.88,13.88,13.539575,0,FNILX.csv
2021-02-05,13.94,13.94,13.94,13.94,13.598104,0,FNILX.csv
2021-02-08,14.04,14.04,14.04,14.04,13.69565,0,FNILX.csv
2021-02-09,14.03,14.03,14.03,14.03,13.685896,0,FNILX.csv
2021-02-10,14.03,14.03,14.03,14.03,13.685896,0,FNILX.csv
2021-02-11,14.06,14.06,14.06,14.06,13.71516,0,FNILX.csv
2021-02-12,14.13,14.13,14.13,14.13,13.783443,0,FNILX.csv
2021-02-16,14.12,14.12,14.12,14.12,13.773688,0,FNILX.csv
2021-02-17,14.11,14.11,14.11,14.11,13.763934,0,FNILX.csv
2021-02-18,14.05,14.05,14.05,14.05,13.705405,0,FNILX.csv
2021-02-19,14.03,14.03,14.03,14.03,13.685896,0,FNILX.csv
2021-02-22,13.88,13.88,13.88,13.88,13.539575,0,FNILX.csv
2021-02-23,13.89,13.89,13.89,13.89,13.54933,0,FNILX.csv
2021-02-24,14.03,14.03,14.03,14.03,13.685896,0,FNILX.csv
2021-02-25,13.67,13.67,13.67,13.67,13.334725,0,FNILX.csv
2021-02-26,13.63,13.63,13.63,13.63,13.295707,0,FNILX.csv
2021-03-01,13.97,13.97,13.97,13.97,13.627368,0,FNILX.csv
2021-03-02,13.84,13.84,13.84,13.84,13.500556,0,FNILX.csv
2021-03-03,13.62,13.62,13.62,13.62,13.285952,0,FNILX.csv
2021-03-04,13.42,13.42,13.42,13.42,13.090857,0,FNILX.csv
2021-03-05,13.67,13.67,13.67,13.67,13.334725,0,FNILX.csv
2021-03-08,13.56,13.56,13.56,13.56,13.227424,0,FNILX.csv
2021-03-09,13.8,13.8,13.8,13.8,13.461537,0,FNILX.csv
2021-03-10,13.87,13.87,13.87,13.87,13.529819,0,FNILX.csv
2021-03-11,14.05,14.05,14.05,14.05,13.705405,0,FNILX.csv
2021-03-12,14.06,14.06,14.06,14.06,13.71516,0,FNILX.csv
2021-03-15,14.15,14.15,14.15,14.15,13.802953,0,FNILX.csv
2021-03-16,14.13,14.13,14.13,14.13,13.783443,0,FNILX.csv
2021-03-17,14.17,14.17,14.17,14.17,13.822462,0,FNILX.csv
2021-03-18,13.93,13.93,13.93,13.93,13.588348,0,FNILX.csv
2021-03-19,13.94,13.94,13.94,13.94,13.598104,0,FNILX.csv
2021-03-22,14.04,14.04,14.04,14.04,13.69565,0,FNILX.csv
2021-03-23,13.94,13.94,13.94,13.94,13.598104,0,FNILX.csv
2021-03-24,13.84,13.84,13.84,13.84,13.500556,0,FNILX.csv
2021-03-25,13.9,13.9,13.9,13.9,13.559084,0,FNILX.csv
2021-03-26,14.13,14.13,14.13,14.13,13.783443,0,FNILX.csv
2021-03-29,14.1,14.1,14.1,14.1,13.754179,0,FNILX.csv
2021-03-30,14.06,14.06,14.06,14.06,13.71516,0,FNILX.csv
2021-03-31,14.13,14.13,14.13,14.13,13.783443,0,FNILX.csv
2021-04-01,14.31,14.31,14.31,14.31,13.959029,0,FNILX.csv
2021-04-05,14.51,14.51,14.51,14.51,14.154123,0,FNILX.csv
2021-04-06,14.51,14.51,14.51,14.51,14.154123,0,FNILX.csv
2021-04-07,14.53,14.53,14.53,14.53,14.173633,0,FNILX.csv
2021-04-08,14.61,14.61,14.61,14.61,14.251671,0,FNILX.csv
2021-04-09,14.72,14.72,14.72,14.72,14.358973,0,FNILX.csv
2021-04-12,14.71,14.71,14.71,14.71,14.349217,0,FNILX.csv
2021-04-13,14.78,14.78,14.78,14.78,14.417501,0,FNILX.csv
2021-04-14,14.71,14.71,14.71,14.71,14.349217,0,FNILX.csv
2021-04-15,14.89,14.89,14.89,14.89,14.524803,0,FNILX.csv
2021-04-16,14.93,14.93,14.93,14.93,14.563823,0,FNILX.csv
2021-04-19,14.84,14.84,14.84,14.84,14.476029,0,FNILX.csv
2021-04-20,14.73,14.73,14.73,14.73,14.368727,0,FNILX.csv
2021-04-21,14.87,14.87,14.87,14.87,14.505294,0,FNILX.csv
2021-04-22,14.74,14.74,14.74,14.74,14.378482,0,FNILX.csv
2021-04-23,14.91,14.91,14.91,14.91,14.544312,0,FNILX.csv
2021-04-26,14.95,14.95,14.95,14.95,14.583332,0,FNILX.csv
2021-04-27,14.95,14.95,14.95,14.95,14.583332,0,FNILX.csv
2021-04-28,14.93,14.93,14.93,14.93,14.563823,0,FNILX.csv
2021-04-29,15.01,15.01,15.01,15.01,14.64186,0,FNILX.csv
2021-04-30,14.9,14.9,14.9,14.9,14.534557,0,FNILX.csv
2021-05-03,14.92,14.92,14.92,14.92,14.554067,0,FNILX.csv
2021-05-04,14.8,14.8,14.8,14.8,14.437011,0,FNILX.csv
2021-05-05,14.8,14.8,14.8,14.8,14.437011,0,FNILX.csv
2021-05-06,14.9,14.9,14.9,14.9,14.534557,0,FNILX.csv
2021-05-07,15.01,15.01,15.01,15.01,14.64186,0,FNILX.csv
2021-05-10,14.84,14.84,14.84,14.84,14.476029,0,FNILX.csv
2021-05-11,14.73,14.73,14.73,14.73,14.368727,0,FNILX.csv
2021-05-12,14.4,14.4,14.4,14.4,14.046821,0,FNILX.csv
2021-05-13,14.57,14.57,14.57,14.57,14.212651,0,FNILX.csv
2021-05-14,14.8,14.8,14.8,14.8,14.437011,0,FNILX.csv
2021-05-17,14.75,14.75,14.75,14.75,14.388236,0,FNILX.csv
2021-05-18,14.64,14.64,14.64,14.64,14.280935,0,FNILX.csv
2021-05-19,14.61,14.61,14.61,14.61,14.251671,0,FNILX.csv
2021-05-20,14.78,14.78,14.78,14.78,14.417501,0,FNILX.csv
2021-05-21,14.77,14.77,14.77,14.77,14.407747,0,FNILX.csv
2021-05-24,14.92,14.92,14.92,14.92,14.554067,0,FNILX.csv
2021-05-25,14.9,14.9,14.9,14.9,14.534557,0,FNILX.csv
2021-05-26,14.93,14.93,14.93,14.93,14.563823,0,FNILX.csv
2021-05-27,14.95,14.95,14.95,14.95,14.583332,0,FNILX.csv
2021-05-28,14.97,14.97,14.97,14.97,14.602841,0,FNILX.csv
2021-06-01,14.95,14.95,14.95,14.95,14.583332,0,FNILX.csv
2021-06-02,14.97,14.97,14.97,14.97,14.602841,0,FNILX.csv
2021-06-03,14.91,14.91,14.91,14.91,14.544312,0,FNILX.csv
2021-06-04,15.05,15.05,15.05,15.05,14.680879,0,FNILX.csv
2021-06-07,15.05,15.05,15.05,15.05,14.680879,0,FNILX.csv
2021-06-08,15.05,15.05,15.05,15.05,14.680879,0,FNILX.csv
2021-06-09,15.03,15.03,15.03,15.03,14.661369,0,FNILX.csv
2021-06-10,15.11,15.11,15.11,15.11,14.739408,0,FNILX.csv
2021-06-11,15.15,15.15,15.15,15.15,14.778426,0,FNILX.csv
2021-06-14,15.19,15.19,15.19,15.19,14.817445,0,FNILX.csv
2021-06-15,15.14,15.14,15.14,15.14,14.768672,0,FNILX.csv
2021-06-16,15.07,15.07,15.07,15.07,14.700388,0,FNILX.csv
2021-06-17,15.09,15.09,15.09,15.09,14.719897,0,FNILX.csv
2021-06-18,14.91,14.91,14.91,14.91,14.544312,0,FNILX.csv
2021-06-21,15.1,15.1,15.1,15.1,14.729653,0,FNILX.csv
2021-06-22,15.19,15.19,15.19,15.19,14.817445,0,FNILX.csv
2021-06-23,15.18,15.18,15.18,15.18,14.807691,0,FNILX.csv
2021-06-24,15.28,15.28,15.28,15.28,14.905238,0,FNILX.csv
2021-06-25,15.32,15.32,15.32,15.32,14.944257,0,FNILX.csv
2021-06-28,15.37,15.37,15.37,15.37,14.993031,0,FNILX.csv
2021-06-29,15.38,15.38,15.38,15.38,15.002785,0,FNILX.csv
2021-06-30,15.39,15.39,15.39,15.39,15.01254,0,FNILX.csv
2021-07-01,15.46,15.46,15.46,15.46,15.080824,0,FNILX.csv
2021-07-02,15.58,15.58,15.58,15.58,15.19788,0,FNILX.csv
2021-07-06,15.57,15.57,15.57,15.57,15.188125,0,FNILX.csv
2021-07-07,15.61,15.61,15.61,15.61,15.227144,0,FNILX.csv
2021-07-08,15.48,15.48,15.48,15.48,15.100332,0,FNILX.csv
2021-07-09,15.65,15.65,15.65,15.65,15.266163,0,FNILX.csv
2021-07-12,15.69,15.69,15.69,15.69,15.305182,0,FNILX.csv
2021-07-13,15.64,15.64,15.64,15.64,15.256409,0,FNILX.csv
2021-07-14,15.64,15.64,15.64,15.64,15.256409,0,FNILX.csv
2021-07-15,15.59,15.59,15.59,15.59,15.207635,0,FNILX.csv
2021-07-16,15.49,15.49,15.49,15.49,15.110087,0,FNILX.csv
2021-07-19,15.26,15.26,15.26,15.26,14.885729,0,FNILX.csv
2021-07-20,15.5,15.5,15.5,15.5,15.119843,0,FNILX.csv
2021-07-21,15.63,15.63,15.63,15.63,15.246654,0,FNILX.csv
2021-07-22,15.67,15.67,15.67,15.67,15.285673,0,FNILX.csv
2021-07-23,15.84,15.84,15.84,15.84,15.451503,0,FNILX.csv
2021-07-26,15.86,15.86,15.86,15.86,15.471012,0,FNILX.csv
2021-07-27,15.78,15.78,15.78,15.78,15.392975,0,FNILX.csv
2021-07-28,15.79,15.79,15.79,15.79,15.40273,0,FNILX.csv
2021-07-29,15.85,15.85,15.85,15.85,15.461258,0,FNILX.csv
2021-07-30,15.76,15.76,15.76,15.76,15.373466,0,FNILX.csv
2021-08-02,15.74,15.74,15.74,15.74,15.353955,0,FNILX.csv
2021-08-03,15.86,15.86,15.86,15.86,15.471012,0,FNILX.csv
2021-08-04,15.8,15.8,15.8,15.8,15.412484,0,FNILX.csv
2021-08-05,15.9,15.9,15.9,15.9,15.510031,0,FNILX.csv
2021-08-06,15.91,15.91,15.91,15.91,15.519786,0,FNILX.csv
2021-08-09,15.9,15.9,15.9,15.9,15.510031,0,FNILX.csv
2021-08-10,15.9,15.9,15.9,15.9,15.510031,0,FNILX.csv
2021-08-11,15.93,15.93,15.93,15.93,15.539296,0,FNILX.csv
2021-08-12,15.99,15.99,15.99,15.99,15.597824,0,FNILX.csv
2021-08-13,16.01,16.01,16.01,16.01,15.617333,0,FNILX.csv
2021-08-16,16.040001,16.040001,16.040001,16.040001,15.646599,0,FNILX.csv
2021-08-17,15.93,15.93,15.93,15.93,15.539296,0,FNILX.csv
2021-08-18,15.77,15.77,15.77,15.77,15.383221,0,FNILX.csv
2021-08-19,15.79,15.79,15.79,15.79,15.40273,0,FNILX.csv
2021-08-20,15.92,15.92,15.92,15.92,15.529542,0,FNILX.csv
2021-08-23,16.059999,16.059999,16.059999,16.059999,15.666106,0,FNILX.csv
2021-08-24,16.1,16.1,16.1,16.1,15.705127,0,FNILX.csv
2021-08-25,16.129999,16.129999,16.129999,16.129999,15.73439,0,FNILX.csv
2021-08-26,16.040001,16.040001,16.040001,16.040001,15.646599,0,FNILX.csv
2021-08-27,16.18,16.18,16.18,16.18,15.783164,0,FNILX.csv
2021-08-30,16.26,16.26,16.26,16.26,15.861202,0,FNILX.csv
2021-08-31,16.23,16.23,16.23,16.23,15.831938,0,FNILX.csv
2021-09-01,16.24,16.24,16.24,16.24,15.841692,0,FNILX.csv
2021-09-02,16.280001,16.280001,16.280001,16.280001,15.880712,0,FNILX.csv
2021-09-03,16.290001,16.290001,16.290001,16.290001,15.890468,0,FNILX.csv
2021-09-07,16.23,16.23,16.23,16.23,15.831938,0,FNILX.csv
2021-09-08,16.200001,16.200001,16.200001,16.200001,15.802674,0,FNILX.csv
2021-09-09,16.129999,16.129999,16.129999,16.129999,15.73439,0,FNILX.csv
2021-09-10,16.01,16.01,16.01,16.01,15.617333,0,FNILX.csv
2021-09-13,16.040001,16.040001,16.040001,16.040001,15.646599,0,FNILX.csv
2021-09-14,15.95,15.95,15.95,15.95,15.558805,0,FNILX.csv
2021-09-15,16.08,16.08,16.08,16.08,15.685616,0,FNILX.csv
2021-09-16,16.07,16.07,16.07,16.07,15.675861,0,FNILX.csv
2021-09-17,15.93,15.93,15.93,15.93,15.539296,0,FNILX.csv
2021-09-20,15.66,15.66,15.66,15.66,15.275918,0,FNILX.csv
2021-09-21,15.66,15.66,15.66,15.66,15.275918,0,FNILX.csv
2021-09-22,15.8,15.8,15.8,15.8,15.412484,0,FNILX.csv
2021-09-23,15.99,15.99,15.99,15.99,15.597824,0,FNILX.csv
2021-09-24,16.01,16.01,16.01,16.01,15.617333,0,FNILX.csv
2021-09-27,15.95,15.95,15.95,15.95,15.558805,0,FNILX.csv
2021-09-28,15.61,15.61,15.61,15.61,15.227144,0,FNILX.csv
2021-09-29,15.63,15.63,15.63,15.63,15.246654,0,FNILX.csv
2021-09-30,15.46,15.46,15.46,15.46,15.080824,0,FNILX.csv
2021-10-01,15.63,15.63,15.63,15.63,15.246654,0,FNILX.csv
2021-10-04,15.41,15.41,15.41,15.41,15.032049,0,FNILX.csv
2021-10-05,15.58,15.58,15.58,15.58,15.19788,0,FNILX.csv
2021-10-06,15.65,15.65,15.65,15.65,15.266163,0,FNILX.csv
2021-10-07,15.79,15.79,15.79,15.79,15.40273,0,FNILX.csv
2021-10-08,15.76,15.76,15.76,15.76,15.373466,0,FNILX.csv
2021-10-11,15.65,15.65,15.65,15.65,15.266163,0,FNILX.csv
2021-10-12,15.62,15.62,15.62,15.62,15.236899,0,FNILX.csv
2021-10-13,15.68,15.68,15.68,15.68,15.295427,0,FNILX.csv
2021-10-14,15.95,15.95,15.95,15.95,15.558805,0,FNILX.csv
2021-10-15,16.07,16.07,16.07,16.07,15.675861,0,FNILX.csv
2021-10-18,16.129999,16.129999,16.129999,16.129999,15.73439,0,FNILX.csv
2021-10-19,16.25,16.25,16.25,16.25,15.851448,0,FNILX.csv
2021-10-20,16.309999,16.309999,16.309999,16.309999,15.909975,0,FNILX.csv
2021-10-21,16.370001,16.370001,16.370001,16.370001,15.968505,0,FNILX.csv
2021-10-22,16.33,16.33,16.33,16.33,15.929485,0,FNILX.csv
2021-10-25,16.41,16.41,16.41,16.41,16.007523,0,FNILX.csv
2021-10-26,16.440001,16.440001,16.440001,16.440001,16.036789,0,FNILX.csv
2021-10-27,16.35,16.35,16.35,16.35,15.948995,0,FNILX.csv
2021-10-28,16.51,16.51,16.51,16.51,16.105072,0,FNILX.csv
2021-10-29,16.549999,16.549999,16.549999,16.549999,16.144089,0,FNILX.csv
2021-11-01,16.58,16.58,16.58,16.58,16.173353,0,FNILX.csv
2021-11-02,16.629999,16.629999,16.629999,16.629999,16.222126,0,FNILX.csv
2021-11-03,16.74,16.74,16.74,16.74,16.32943,0,FNILX.csv
2021-11-04,16.809999,16.809999,16.809999,16.809999,16.397711,0,FNILX.csv
2021-11-05,16.860001,16.860001,16.860001,16.860001,16.446487,0,FNILX.csv
2021-11-08,16.889999,16.889999,16.889999,16.889999,16.47575,0,FNILX.csv
2021-11-09,16.83,16.83,16.83,16.83,16.417223,0,FNILX.csv
2021-11-10,16.68,16.68,16.68,16.68,16.270903,0,FNILX.csv
2021-11-11,16.690001,16.690001,16.690001,16.690001,16.280657,0,FNILX.csv
2021-11-12,16.82,16.82,16.82,16.82,16.407467,0,FNILX.csv
2021-11-15,16.82,16.82,16.82,16.82,16.407467,0,FNILX.csv
2021-11-16,16.9,16.9,16.9,16.9,16.485504,0,FNILX.csv
2021-11-17,16.85,16.85,16.85,16.85,16.436733,0,FNILX.csv
2021-11-18,16.9,16.9,16.9,16.9,16.485504,0,FNILX.csv
2021-11-19,16.870001,16.870001,16.870001,16.870001,16.456242,0,FNILX.csv
2021-11-22,16.790001,16.790001,16.790001,16.790001,16.378202,0,FNILX.csv
2021-11-23,16.799999,16.799999,16.799999,16.799999,16.387957,0,FNILX.csv
2021-11-24,16.860001,16.860001,16.860001,16.860001,16.446487,0,FNILX.csv
2021-11-26,16.49,16.49,16.49,16.49,16.08556,0,FNILX.csv
2021-11-29,16.709999,16.709999,16.709999,16.709999,16.300163,0,FNILX.csv
2021-11-30,16.389999,16.389999,16.389999,16.389999,15.988012,0,FNILX.csv
2021-12-01,16.17,16.17,16.17,16.17,15.773411,0,FNILX.csv
2021-12-02,16.4,16.4,16.4,16.4,15.997768,0,FNILX.csv
2021-12-03,16.08,16.08,16.08,16.08,15.84113,0,FNILX.csv
2021-12-06,16.26,16.26,16.26,16.26,16.018457,0,FNILX.csv
2021-12-07,16.610001,16.610001,16.610001,16.610001,16.363258,0,FNILX.csv
2021-12-08,16.68,16.68,16.68,16.68,16.432217,0,FNILX.csv
2021-12-09,16.540001,16.540001,16.540001,16.540001,16.294298,0,FNILX.csv
2021-12-10,16.68,16.68,16.68,16.68,16.432217,0,FNILX.csv
2021-12-13,16.530001,16.530001,16.530001,16.530001,16.284447,0,FNILX.csv
2021-12-14,16.4,16.4,16.4,16.4,16.156376,0,FNILX.csv
2021-12-15,16.67,16.67,16.67,16.67,16.422365,0,FNILX.csv
2021-12-16,16.51,16.51,16.51,16.51,16.264742,0,FNILX.csv
2021-12-17,16.370001,16.370001,16.370001,16.370001,16.126823,0,FNILX.csv
2021-12-20,16.18,16.18,16.18,16.18,15.939645,0,FNILX.csv
2021-12-21,16.48,16.48,16.48,16.48,16.235188,0,FNILX.csv
2021-12-22,16.639999,16.639999,16.639999,16.639999,16.392811,0,FNILX.csv
2021-12-23,16.75,16.75,16.75,16.75,16.501177,0,FNILX.csv
2021-12-27,16.969999,16.969999,16.969999,16.969999,16.717909,0,FNILX.csv
2021-12-28,16.940001,16.940001,16.940001,16.940001,16.688354,0,FNILX.csv
2021-12-29,16.959999,16.959999,16.959999,16.959999,16.708057,0,FNILX.csv
2021-12-30,16.92,16.92,16.92,16.92,16.668652,0,FNILX.csv
2021-12-31,16.870001,16.870001,16.870001,16.870001,16.619396,0,FNILX.csv
2022-01-03,16.969999,16.969999,16.969999,16.969999,16.717909,0,FNILX.csv
2022-01-04,16.940001,16.940001,16.940001,16.940001,16.688354,0,FNILX.csv
2022-01-05,16.59,16.59,16.59,16.59,16.343554,0,FNILX.csv
2022-01-06,16.57,16.57,16.57,16.57,16.323851,0,FNILX.csv
2022-01-07,16.5,16.5,16.5,16.5,16.25489,0,FNILX.csv
2022-01-10,16.49,16.49,16.49,16.49,16.245039,0,FNILX.csv
2022-01-11,16.65,16.65,16.65,16.65,16.402662,0,FNILX.csv
2022-01-12,16.690001,16.690001,16.690001,16.690001,16.44207,0,FNILX.csv
2022-01-13,16.43,16.43,16.43,16.43,16.185932,0,FNILX.csv
2022-01-14,16.440001,16.440001,16.440001,16.440001,16.195784,0,FNILX.csv
2022-01-18,16.129999,16.129999,16.129999,16.129999,15.890387,0,FNILX.csv
2022-01-19,15.97,15.97,15.97,15.97,15.732764,0,FNILX.csv
2022-01-20,15.8,15.8,15.8,15.8,15.565289,0,FNILX.csv
2022-01-21,15.49,15.49,15.49,15.49,15.259894,0,FNILX.csv
2022-01-24,15.54,15.54,15.54,15.54,15.309152,0,FNILX.csv
2022-01-25,15.33,15.33,15.33,15.33,15.102271,0,FNILX.csv
2022-01-26,15.31,15.31,15.31,15.31,15.082569,0,FNILX.csv
2022-01-27,15.22,15.22,15.22,15.22,14.993906,0,FNILX.csv
2022-01-28,15.61,15.61,15.61,15.61,15.378112,0,FNILX.csv
2022-01-31,15.93,15.93,15.93,15.93,15.693358,0,FNILX.csv
2022-02-01,16.049999,16.049999,16.049999,16.049999,15.811575,0,FNILX.csv
2022-02-02,16.18,16.18,16.18,16.18,15.939645,0,FNILX.csv
2022-02-03,15.77,15.77,15.77,15.77,15.535736,0,FNILX.csv
2022-02-04,15.88,15.88,15.88,15.88,15.644101,0,FNILX.csv
2022-02-07,15.82,15.82,15.82,15.82,15.584992,0,FNILX.csv
2022-02-08,15.95,15.95,15.95,15.95,15.713061,0,FNILX.csv
2022-02-09,16.200001,16.200001,16.200001,16.200001,15.959349,0,FNILX.csv
2022-02-10,15.91,15.91,15.91,15.91,15.673656,0,FNILX.csv
2022-02-11,15.6,15.6,15.6,15.6,15.368261,0,FNILX.csv
2022-02-14,15.54,15.54,15.54,15.54,15.309152,0,FNILX.csv
2022-02-15,15.8,15.8,15.8,15.8,15.565289,0,FNILX.csv
2022-02-16,15.8,15.8,15.8,15.8,15.565289,0,FNILX.csv
2022-02-17,15.45,15.45,15.45,15.45,15.220489,0,FNILX.csv
2022-02-18,15.33,15.33,15.33,15.33,15.102271,0,FNILX.csv
2022-02-22,15.17,15.17,15.17,15.17,14.944649,0,FNILX.csv
2022-02-23,14.89,14.89,14.89,14.89,14.668808,0,FNILX.csv
2022-02-24,15.14,15.14,15.14,15.14,14.915094,0,FNILX.csv
2022-02-25,15.47,15.47,15.47,15.47,15.240192,0,FNILX.csv
2022-02-28,15.44,15.44,15.44,15.44,15.210637,0,FNILX.csv
2022-03-01,15.21,15.21,15.21,15.21,14.984055,0,FNILX.csv
2022-03-02,15.49,15.49,15.49,15.49,15.259894,0,FNILX.csv
2022-03-03,15.38,15.38,15.38,15.38,15.151529,0,FNILX.csv
2022-03-04,15.25,15.25,15.25,15.25,15.02346,0,FNILX.csv
2022-03-07,14.79,14.79,14.79,14.79,14.570293,0,FNILX.csv
2022-03-08,14.68,14.68,14.68,14.68,14.461927,0,FNILX.csv
2022-03-09,15.08,15.08,15.08,15.08,14.855986,0,FNILX.csv
2022-03-10,15.01,15.01,15.01,15.01,14.787025,0,FNILX.csv
2022-03-11,14.8,14.8,14.8,14.8,14.580145,0,FNILX.csv
2022-03-14,14.68,14.68,14.68,14.68,14.461927,0,FNILX.csv
2022-03-15,15.0,15.0,15.0,15.0,14.777174,0,FNILX.csv
2022-03-16,15.35,15.35,15.35,15.35,15.121975,0,FNILX.csv
2022-03-17,15.55,15.55,15.55,15.55,15.319004,0,FNILX.csv
2022-03-18,15.75,15.75,15.75,15.75,15.516032,0,FNILX.csv
2022-03-21,15.73,15.73,15.73,15.73,15.496329,0,FNILX.csv
2022-03-22,15.92,15.92,15.92,15.92,15.683507,0,FNILX.csv
2022-03-23,15.72,15.72,15.72,15.72,15.486478,0,FNILX.csv
2022-03-24,15.96,15.96,15.96,15.96,15.722913,0,FNILX.csv
2022-03-25,16.02,16.02,16.02,16.02,15.782022,0,FNILX.csv
2022-03-28,16.15,16.15,16.15,16.15,15.91009,0,FNILX.csv
2022-03-29,16.360001,16.360001,16.360001,16.360001,16.116972,0,FNILX.csv
2022-03-30,16.25,16.25,16.25,16.25,16.008604,0,FNILX.csv
2022-03-31,16.0,16.0,16.0,16.0,15.762319,0,FNILX.csv
2022-04-01,16.059999,16.059999,16.059999,16.059999,15.821426,0,FNILX.csv
2022-04-04,16.200001,16.200001,16.200001,16.200001,15.959349,0,FNILX.csv
2022-04-05,15.99,15.99,15.99,15.99,15.752467,0,FNILX.csv
2022-04-06,15.81,15.81,15.81,15.81,15.575142,0,FNILX.csv
2022-04-07,15.88,15.88,15.88,15.88,15.644101,0,FNILX.csv
2022-04-08,15.83,15.83,15.83,15.83,15.594844,0,FNILX.csv
2022-04-11,15.56,15.56,15.56,15.56,15.328856,0,FNILX.csv
2022-04-12,15.51,15.51,15.51,15.51,15.279598,0,FNILX.csv
2022-04-13,15.7,15.7,15.7,15.7,15.466775,0,FNILX.csv
2022-04-14,15.5,15.5,15.5,15.5,15.269746,0,FNILX.csv
2022-04-18,15.48,15.48,15.48,15.48,15.250043,0,FNILX.csv
2022-04-19,15.74,15.74,15.74,15.74,15.506181,0,FNILX.csv
2022-04-20,15.72,15.72,15.72,15.72,15.486478,0,FNILX.csv
2022-04-21,15.47,15.47,15.47,15.47,15.240192,0,FNILX.csv
2022-04-22,15.04,15.04,15.04,15.04,14.81658,0,FNILX.csv
2022-04-25,15.14,15.14,15.14,15.14,14.915094,0,FNILX.csv
2022-04-26,14.7,14.7,14.7,14.7,14.48163,0,FNILX.csv
2022-04-27,14.73,14.73,14.73,14.73,14.511184,0,FNILX.csv
2022-04-28,15.1,15.1,15.1,15.1,14.875689,0,FNILX.csv
2022-04-29,14.55,14.55,14.55,14.55,14.333858,0,FNILX.csv
2022-05-02,14.64,14.64,14.64,14.64,14.422522,0,FNILX.csv
2022-05-03,14.7,14.7,14.7,14.7,14.48163,0,FNILX.csv
2022-05-04,15.14,15.14,15.14,15.14,14.915094,0,FNILX.csv
2022-05-05,14.58,14.58,14.58,14.58,14.363413,0,FNILX.csv
2022-05-06,14.49,14.49,14.49,14.49,14.27475,0,FNILX.csv
2022-05-09,13.99,13.99,13.99,13.99,13.782177,0,FNILX.csv
2022-05-10,14.03,14.03,14.03,14.03,13.821583,0,FNILX.csv
2022-05-11,13.79,13.79,13.79,13.79,13.585148,0,FNILX.csv
2022-05-12,13.79,13.79,13.79,13.79,13.585148,0,FNILX.csv
2022-05-13,14.14,14.14,14.14,14.14,13.92995,0,FNILX.csv
2022-05-16,14.07,14.07,14.07,14.07,13.860989,0,FNILX.csv
2022-05-17,14.35,14.35,14.35,14.35,14.13683,0,FNILX.csv
2022-05-18,13.77,13.77,13.77,13.77,13.565446,0,FNILX.csv
2022-05-19,13.71,13.71,13.71,13.71,13.506337,0,FNILX.csv
2022-05-20,13.72,13.72,13.72,13.72,13.516189,0,FNILX.csv
2022-05-23,13.97,13.97,13.97,13.97,13.762475,0,FNILX.csv
2022-05-24,13.83,13.83,13.83,13.83,13.624554,0,FNILX.csv
2022-05-25,13.97,13.97,13.97,13.97,13.762475,0,FNILX.csv
2022-05-26,14.26,14.26,14.26,14.26,14.048166,0,FNILX.csv
2022-05-27,14.62,14.62,14.62,14.62,14.402819,0,FNILX.csv
2022-05-31,14.52,14.52,14.52,14.52,14.304304,0,FNILX.csv
2022-06-01,14.41,14.41,14.41,14.41,14.195938,0,FNILX.csv
2022-06-02,14.7,14.7,14.7,14.7,14.48163,0,FNILX.csv
2022-06-03,14.46,14.46,14.46,14.46,14.245195,0,FNILX.csv
2022-06-06,14.5,14.5,14.5,14.5,14.284601,0,FNILX.csv
2022-06-07,14.65,14.65,14.65,14.65,14.432373,0,FNILX.csv
2022-06-08,14.49,14.49,14.49,14.49,14.27475,0,FNILX.csv
2022-06-09,14.14,14.14,14.14,14.14,13.92995,0,FNILX.csv
2022-06-10,13.72,13.72,13.72,13.72,13.516189,0,FNILX.csv
2022-06-13,13.18,13.18,13.18,13.18,12.98421,0,FNILX.csv
2022-06-14,13.13,13.13,13.13,13.13,12.934953,0,FNILX.csv
2022-06-15,13.33,13.33,13.33,13.33,13.131982,0,FNILX.csv
2022-06-16,12.89,12.89,12.89,12.89,12.698518,0,FNILX.csv
2022-06-17,12.93,12.93,12.93,12.93,12.737924,0,FNILX.csv
2022-06-21,13.25,13.25,13.25,13.25,13.05317,0,FNILX.csv
2022-06-22,13.23,13.23,13.23,13.23,13.033466,0,FNILX.csv
2022-06-23,13.37,13.37,13.37,13.37,13.171388,0,FNILX.csv
2022-06-24,13.79,13.79,13.79,13.79,13.585148,0,FNILX.csv
2022-06-27,13.74,13.74,13.74,13.74,13.535891,0,FNILX.csv
2022-06-28,13.46,13.46,13.46,13.46,13.260051,0,FNILX.csv
2022-06-29,13.44,13.44,13.44,13.44,13.240347,0,FNILX.csv
2022-06-30,13.32,13.32,13.32,13.32,13.12213,0,FNILX.csv
2022-07-01,13.47,13.47,13.47,13.47,13.269902,0,FNILX.csv
2022-07-05,13.51,13.51,13.51,13.51,13.309308,0,FNILX.csv
2022-07-06,13.55,13.55,13.55,13.55,13.348714,0,FNILX.csv
2022-07-07,13.76,13.76,13.76,13.76,13.555594,0,FNILX.csv
2022-07-08,13.75,13.75,13.75,13.75,13.545743,0,FNILX.csv
2022-07-11,13.58,13.58,13.58,13.58,13.378268,0,FNILX.csv
2022-07-12,13.45,13.45,13.45,13.45,13.250199,0,FNILX.csv
2022-07-13,13.39,13.39,13.39,13.39,13.191091,0,FNILX.csv
2022-07-14,13.35,13.35,13.35,13.35,13.151685,0,FNILX.csv
2022-07-15,13.61,13.61,13.61,13.61,13.407822,0,FNILX.csv
2022-07-18,13.5,13.5,13.5,13.5,13.299457,0,FNILX.csv
2022-07-19,13.87,13.87,13.87,13.87,13.66396,0,FNILX.csv
2022-07-20,13.97,13.97,13.97,13.97,13.762475,0,FNILX.csv
2022-07-21,14.11,14.11,14.11,14.11,13.900394,0,FNILX.csv
2022-07-22,13.96,13.96,13.96,13.96,13.752623,0,FNILX.csv
2022-07-25,13.98,13.98,13.98,13.98,13.772326,0,FNILX.csv
2022-07-26,13.8,13.8,13.8,13.8,13.595,0,FNILX.csv
2022-07-27,14.18,14.18,14.18,14.18,13.969356,0,FNILX.csv
2022-07-28,14.35,14.35,14.35,14.35,14.13683,0,FNILX.csv
2022-07-29,14.56,14.56,14.56,14.56,14.34371,0,FNILX.csv
2022-08-01,14.52,14.52,14.52,14.52,14.304304,0,FNILX.csv
2022-08-02,14.44,14.44,14.44,14.44,14.225492,0,FNILX.csv
2022-08-03,14.67,14.67,14.67,14.67,14.452076,0,FNILX.csv
2022-08-04,14.66,14.66,14.66,14.66,14.442225,0,FNILX.csv
2022-08-05,14.65,14.65,14.65,14.65,14.432373,0,FNILX.csv
2022-08-08,14.63,14.63,14.63,14.63,14.41267,0,FNILX.csv
2022-08-09,14.56,14.56,14.56,14.56,14.34371,0,FNILX.csv
2022-08-10,14.89,14.89,14.89,14.89,14.668808,0,FNILX.csv
2022-08-11,14.87,14.87,14.87,14.87,14.649105,0,FNILX.csv
2022-08-12,15.13,15.13,15.13,15.13,14.905243,0,FNILX.csv
2022-08-15,15.19,15.19,15.19,15.19,14.964351,0,FNILX.csv
2022-08-16,15.22,15.22,15.22,15.22,14.993906,0,FNILX.csv
2022-08-17,15.1,15.1,15.1,15.1,14.875689,0,FNILX.csv
2022-08-18,15.14,15.14,15.14,15.14,14.915094,0,FNILX.csv
2022-08-19,14.93,14.93,14.93,14.93,14.708214,0,FNILX.csv
2022-08-22,14.61,14.61,14.61,14.61,14.392967,0,FNILX.csv
2022-08-23,14.58,14.58,14.58,14.58,14.363413,0,FNILX.csv
2022-08-24,14.63,14.63,14.63,14.63,14.41267,0,FNILX.csv
2022-08-25,14.85,14.85,14.85,14.85,14.629402,0,FNILX.csv
2022-08-26,14.34,14.34,14.34,14.34,14.126978,0,FNILX.csv
2022-08-29,14.24,14.24,14.24,14.24,14.028463,0,FNILX.csv
2022-08-30,14.09,14.09,14.09,14.09,13.880692,0,FNILX.csv
2022-08-31,13.98,13.98,13.98,13.98,13.772326,0,FNILX.csv
2022-09-01,14.01,14.01,14.01,14.01,13.801881,0,FNILX.csv
2022-09-02,13.87,13.87,13.87,13.87,13.66396,0,FNILX.csv
2022-09-06,13.81,13.81,13.81,13.81,13.604852,0,FNILX.csv
2022-09-07,14.06,14.06,14.06,14.06,13.851138,0,FNILX.csv
2022-09-08,14.17,14.17,14.17,14.17,13.959503,0,FNILX.csv
2022-09-09,14.39,14.39,14.39,14.39,14.176235,0,FNILX.csv
2022-09-12,14.54,14.54,14.54,14.54,14.324007,0,FNILX.csv
2022-09-13,13.91,13.91,13.91,13.91,13.703365,0,FNILX.csv
2022-09-14,13.97,13.97,13.97,13.97,13.762475,0,FNILX.csv
2022-09-15,13.81,13.81,13.81,13.81,13.604852,0,FNILX.csv
2022-09-16,13.71,13.71,13.71,13.71,13.506337,0,FNILX.csv
2022-09-19,13.8,13.8,13.8,13.8,13.595,0,FNILX.csv
2022-09-20,13.64,13.64,13.64,13.64,13.437377,0,FNILX.csv
2022-09-21,13.41,13.41,13.41,13.41,13.210793,0,FNILX.csv
2022-09-22,13.29,13.29,13.29,13.29,13.092576,0,FNILX.csv
2022-09-23,13.06,13.06,13.06,13.06,12.865993,0,FNILX.csv
2022-09-26,12.92,12.92,12.92,12.92,12.728072,0,FNILX.csv
2022-09-27,12.9,12.9,12.9,12.9,12.708369,0,FNILX.csv
2022-09-28,13.16,13.16,13.16,13.16,12.964507,0,FNILX.csv
2022-09-29,12.88,12.88,12.88,12.88,12.688666,0,FNILX.csv
2022-09-30,12.69,12.69,12.69,12.69,12.501489,0,FNILX.csv
2022-10-03,13.02,13.02,13.02,13.02,12.826588,0,FNILX.csv
2022-10-04,13.43,13.43,13.43,13.43,13.230496,0,FNILX.csv
2022-10-05,13.4,13.4,13.4,13.4,13.200941,0,FNILX.csv
2022-10-06,13.27,13.27,13.27,13.27,13.072873,0,FNILX.csv
2022-10-07,12.89,12.89,12.89,12.89,12.698518,0,FNILX.csv
2022-10-10,12.79,12.79,12.79,12.79,12.600003,0,FNILX.csv
2022-10-11,12.69,12.69,12.69,12.69,12.501489,0,FNILX.csv
2022-10-12,12.66,12.66,12.66,12.66,12.471934,0,FNILX.csv
2022-10-13,12.98,12.98,12.98,12.98,12.787181,0,FNILX.csv
2022-10-14,12.67,12.67,12.67,12.67,12.481786,0,FNILX.csv
2022-10-17,13.01,13.01,13.01,13.01,12.816735,0,FNILX.csv
2022-10-18,13.16,13.16,13.16,13.16,12.964507,0,FNILX.csv
2022-10-19,13.07,13.07,13.07,13.07,12.875844,0,FNILX.csv
2022-10-20,12.98,12.98,12.98,12.98,12.787181,0,FNILX.csv
2022-10-21,13.28,13.28,13.28,13.28,13.082725,0,FNILX.csv
2022-10-24,13.43,13.43,13.43,13.43,13.230496,0,FNILX.csv
2022-10-25,13.66,13.66,13.66,13.66,13.457079,0,FNILX.csv
2022-10-26,13.56,13.56,13.56,13.56,13.358565,0,FNILX.csv
2022-10-27,13.48,13.48,13.48,13.48,13.279753,0,FNILX.csv
2022-10-28,13.8,13.8,13.8,13.8,13.595,0,FNILX.csv
2022-10-31,13.7,13.7,13.7,13.7,13.496485,0,FNILX.csv
2022-11-01,13.65,13.65,13.65,13.65,13.447227,0,FNILX.csv
2022-11-02,13.29,13.29,13.29,13.29,13.092576,0,FNILX.csv
2022-11-03,13.15,13.15,13.15,13.15,12.954656,0,FNILX.csv
2022-11-04,13.33,13.33,13.33,13.33,13.131982,0,FNILX.csv
2022-11-07,13.45,13.45,13.45,13.45,13.250199,0,FNILX.csv
2022-11-08,13.53,13.53,13.53,13.53,13.32901,0,FNILX.csv
2022-11-09,13.25,13.25,13.25,13.25,13.05317,0,FNILX.csv
2022-11-10,14.0,14.0,14.0,14.0,13.792028,0,FNILX.csv
2022-11-11,14.14,14.14,14.14,14.14,13.92995,0,FNILX.csv
2022-11-14,14.01,14.01,14.01,14.01,13.801881,0,FNILX.csv
2022-11-15,14.15,14.15,14.15,14.15,13.9398,0,FNILX.csv
2022-11-16,14.02,14.02,14.02,14.02,13.811732,0,FNILX.csv
2022-11-17,13.97,13.97,13.97,13.97,13.762475,0,FNILX.csv
2022-11-18,14.04,14.04,14.04,14.04,13.831434,0,FNILX.csv
2022-11-21,13.98,13.98,13.98,13.98,13.772326,0,FNILX.csv
2022-11-22,14.17,14.17,14.17,14.17,13.959503,0,FNILX.csv
2022-11-23,14.26,14.26,14.26,14.26,14.048166,0,FNILX.csv
2022-11-25,14.25,14.25,14.25,14.25,14.038315,0,FNILX.csv
2022-11-28,14.03,14.03,14.03,14.03,13.821583,0,FNILX.csv
2022-11-29,14.01,14.01,14.01,14.01,13.801881,0,FNILX.csv
2022-11-30,14.45,14.45,14.45,14.45,14.235344,0,FNILX.csv
2022-12-01,14.45,14.45,14.45,14.45,14.235344,0,FNILX.csv
2022-12-02,14.43,14.43,14.43,14.43,14.215641,0,FNILX.csv
2022-12-05,14.16,14.16,14.16,14.16,13.949652,0,FNILX.csv
2022-12-06,13.95,13.95,13.95,13.95,13.742771,0,FNILX.csv
2022-12-07,13.93,13.93,13.93,13.93,13.723069,0,FNILX.csv
2022-12-08,14.04,14.04,14.04,14.04,13.831434,0,FNILX.csv
2022-12-09,13.94,13.94,13.94,13.94,13.73292,0,FNILX.csv
2022-12-12,14.14,14.14,14.14,14.14,13.92995,0,FNILX.csv
2022-12-13,14.25,14.25,14.25,14.25,14.038315,0,FNILX.csv
2022-12-14,14.17,14.17,14.17,14.17,13.959503,0,FNILX.csv
2022-12-15,13.8,13.8,13.8,13.8,13.595,0,FNILX.csv
2022-12-16,13.45,13.45,13.45,13.45,13.45,0,FNILX.csv
2022-12-19,13.32,13.32,13.32,13.32,13.32,0,FNILX.csv
2022-12-20,13.34,13.34,13.34,13.34,13.34,0,FNILX.csv
2022-12-21,13.54,13.54,13.54,13.54,13.54,0,FNILX.csv
2022-12-22,13.34,13.34,13.34,13.34,13.34,0,FNILX.csv
2022-12-23,13.41,13.41,13.41,13.41,13.41,0,FNILX.csv
2022-12-27,13.35,13.35,13.35,13.35,13.35,0,FNILX.csv
2022-12-28,13.2,13.2,13.2,13.2,13.2,0,FNILX.csv
2022-12-29,13.43,13.43,13.43,13.43,13.43,0,FNILX.csv
2022-12-30,13.4,13.4,13.4,13.4,13.4,0,FNILX.csv
2023-01-03,13.35,13.35,13.35,13.35,13.35,0,FNILX.csv
2023-01-04,13.45,13.45,13.45,13.45,13.45,0,FNILX.csv
2023-01-05,13.29,13.29,13.29,13.29,13.29,0,FNILX.csv
2023-01-06,13.59,13.59,13.59,13.59,13.59,0,FNILX.csv
2023-01-09,13.58,13.58,13.58,13.58,13.58,0,FNILX.csv
2023-01-10,13.68,13.68,13.68,13.68,13.68,0,FNILX.csv
2023-01-11,13.86,13.86,13.86,13.86,13.86,0,FNILX.csv
2023-01-12,13.91,13.91,13.91,13.91,13.91,0,FNILX.csv
2023-01-13,13.97,13.97,13.97,13.97,13.97,0,FNILX.csv
2023-01-17,13.95,13.95,13.95,13.95,13.95,0,FNILX.csv
2023-01-18,13.73,13.73,13.73,13.73,13.73,0,FNILX.csv
2023-01-19,13.63,13.63,13.63,13.63,13.63,0,FNILX.csv
2023-01-20,13.89,13.89,13.89,13.89,13.89,0,FNILX.csv
2023-01-23,14.06,14.06,14.06,14.06,14.06,0,FNILX.csv
2023-01-24,14.05,14.05,14.05,14.05,14.05,0,FNILX.csv
2023-01-25,14.05,14.05,14.05,14.05,14.05,0,FNILX.csv
2023-01-26,14.21,14.21,14.21,14.21,14.21,0,FNILX.csv
2023-01-27,14.25,14.25,14.25,14.25,14.25,0,FNILX.csv
2023-01-30,14.06,14.06,14.06,14.06,14.06,0,FNILX.csv
2023-01-31,14.27,14.27,14.27,14.27,14.27,0,FNILX.csv
2023-02-01,14.42,14.42,14.42,14.42,14.42,0,FNILX.csv
2023-02-02,14.65,14.65,14.65,14.65,14.65,0,FNILX.csv
2023-02-03,14.49,14.49,14.49,14.49,14.49,0,FNILX.csv
2023-02-06,14.4,14.4,14.4,14.4,14.4,0,FNILX.csv
2023-02-07,14.59,14.59,14.59,14.59,14.59,0,FNILX.csv
2023-02-08,14.43,14.43,14.43,14.43,14.43,0,FNILX.csv
2023-02-09,14.3,14.3,14.3,14.3,14.3,0,FNILX.csv
2023-02-10,14.33,14.33,14.33,14.33,14.33,0,FNILX.csv
2023-02-13,14.5,14.5,14.5,14.5,14.5,0,FNILX.csv
2023-02-14,14.5,14.5,14.5,14.5,14.5,0,FNILX.csv
2023-02-15,14.56,14.56,14.56,14.56,14.56,0,FNILX.csv
2023-02-16,14.36,14.36,14.36,14.36,14.36,0,FNILX.csv
2023-02-17,14.31,14.31,14.31,14.31,14.31,0,FNILX.csv
2023-02-21,14.02,14.02,14.02,14.02,14.02,0,FNILX.csv
2023-02-22,14.01,14.01,14.01,14.01,14.01,0,FNILX.csv
2023-02-23,14.08,14.08,14.08,14.08,14.08,0,FNILX.csv
2023-02-24,13.93,13.93,13.93,13.93,13.93,0,FNILX.csv
2023-02-27,13.98,13.98,13.98,13.98,13.98,0,FNILX.csv
2023-02-28,13.94,13.94,13.94,13.94,13.94,0,FNILX.csv
2023-03-01,13.87,13.87,13.87,13.87,13.87,0,FNILX.csv
2023-03-02,13.98,13.98,13.98,13.98,13.98,0,FNILX.csv
2023-03-03,14.21,14.21,14.21,14.21,14.21,0,FNILX.csv
2023-03-06,14.21,14.21,14.21,14.21,14.21,0,FNILX.csv
2023-03-07,14.0,14.0,14.0,14.0,14.0,0,FNILX.csv
2023-03-08,14.02,14.02,14.02,14.02,14.02,0,FNILX.csv
2023-03-09,13.76,13.76,13.76,13.76,13.76,0,FNILX.csv
2023-03-10,13.55,13.55,13.55,13.55,13.55,0,FNILX.csv
2023-03-13,13.53,13.53,13.53,13.53,13.53,0,FNILX.csv
2023-03-14,13.77,13.77,13.77,13.77,13.77,0,FNILX.csv
2023-03-15,13.67,13.67,13.67,13.67,13.67,0,FNILX.csv
2023-03-16,13.92,13.92,13.92,13.92,13.92,0,FNILX.csv
2023-03-17,13.77,13.77,13.77,13.77,13.77,0,FNILX.csv
2023-03-20,13.88,13.88,13.88,13.88,13.88,0,FNILX.csv
2023-03-21,14.07,14.07,14.07,14.07,14.07,0,FNILX.csv
2023-03-22,13.84,13.84,13.84,13.84,13.84,0,FNILX.csv
2023-03-23,13.88,13.88,13.88,13.88,13.88,0,FNILX.csv
2023-03-24,13.96,13.96,13.96,13.96,13.96,0,FNILX.csv
2023-03-27,13.98,13.98,13.98,13.98,13.98,0,FNILX.csv
2023-03-28,13.95,13.95,13.95,13.95,13.95,0,FNILX.csv
2023-03-29,14.16,14.16,14.16,14.16,14.16,0,FNILX.csv
2023-03-30,14.24,14.24,14.24,14.24,14.24,0,FNILX.csv
2023-03-31,14.45,14.45,14.45,14.45,14.45,0,FNILX.csv
2023-04-03,14.5,14.5,14.5,14.5,14.5,0,FNILX.csv
2023-04-04,14.42,14.42,14.42,14.42,14.42,0,FNILX.csv
2023-04-05,14.38,14.38,14.38,14.38,14.38,0,FNILX.csv
2023-04-06,14.43,14.43,14.43,14.43,14.43,0,FNILX.csv
2023-04-10,14.44,14.44,14.44,14.44,14.44,0,FNILX.csv
2023-04-11,14.44,14.44,14.44,14.44,14.44,0,FNILX.csv
2023-04-12,14.38,14.38,14.38,14.38,14.38,0,FNILX.csv
2023-04-13,14.58,14.58,14.58,14.58,14.58,0,FNILX.csv
2023-04-14,14.55,14.55,14.55,14.55,14.55,0,FNILX.csv
